,index,Date,Close
0,3999,21-Mar-02,1.73
1,3998,22-Mar-02,1.72
2,3997,25-Mar-02,1.67
3,3996,26-Mar-02,1.68
4,3995,27-Mar-02,1.68
5,3994,28-Mar-02,1.69
6,3993,1-Apr-02,1.75
7,3992,2-Apr-02,1.72
8,3991,3-Apr-02,1.7
9,3990,4-Apr-02,1.78
10,3989,5-Apr-02,1.77
11,3988,8-Apr-02,1.75
12,3987,9-Apr-02,1.72
13,3986,10-Apr-02,1.76
14,3985,11-Apr-02,1.78
15,3984,12-Apr-02,1.79
16,3983,15-Apr-02,1.79
17,3982,16-Apr-02,1.84
18,3981,17-Apr-02,1.86
19,3980,18-Apr-02,1.82
20,3979,19-Apr-02,1.78
21,3978,22-Apr-02,1.75
22,3977,23-Apr-02,1.73
23,3976,24-Apr-02,1.7
24,3975,25-Apr-02,1.72
25,3974,26-Apr-02,1.64
26,3973,29-Apr-02,1.71
27,3972,30-Apr-02,1.73
28,3971,1-May-02,1.71
29,3970,2-May-02,1.69
30,3969,3-May-02,1.68
31,3968,6-May-02,1.62
32,3967,7-May-02,1.6
33,3966,8-May-02,1.74
34,3965,9-May-02,1.73
35,3964,10-May-02,1.67
36,3963,13-May-02,1.71
37,3962,14-May-02,1.83
38,3961,15-May-02,1.81
39,3960,16-May-02,1.8
40,3959,17-May-02,1.79
41,3958,20-May-02,1.77
42,3957,21-May-02,1.68
43,3956,22-May-02,1.74
44,3955,23-May-02,1.8
45,3954,24-May-02,1.72
46,3953,28-May-02,1.71
47,3952,29-May-02,1.71
48,3951,30-May-02,1.73
49,3950,31-May-02,1.66
50,3949,3-Jun-02,1.64
51,3948,4-Jun-02,1.63
52,3947,5-Jun-02,1.62
53,3946,6-Jun-02,1.58
54,3945,7-Jun-02,1.53
55,3944,10-Jun-02,1.53
56,3943,11-Jun-02,1.46
57,3942,12-Jun-02,1.44
58,3941,13-Jun-02,1.4
59,3940,14-Jun-02,1.44
60,3939,17-Jun-02,1.47
61,3938,18-Jun-02,1.44
62,3937,19-Jun-02,1.22
63,3936,20-Jun-02,1.22
64,3935,21-Jun-02,1.2
65,3934,24-Jun-02,1.23
66,3933,25-Jun-02,1.22
67,3932,26-Jun-02,1.18
68,3931,27-Jun-02,1.22
69,3930,28-Jun-02,1.27
70,3929,1-Jul-02,1.22
71,3928,2-Jul-02,1.21
72,3927,3-Jul-02,1.25
73,3926,5-Jul-02,1.34
74,3925,8-Jul-02,1.29
75,3924,9-Jul-02,1.25
76,3923,10-Jul-02,1.24
77,3922,11-Jul-02,1.31
78,3921,12-Jul-02,1.25
79,3920,15-Jul-02,1.3
80,3919,16-Jul-02,1.28
81,3918,17-Jul-02,1.12
82,3917,18-Jul-02,1.07
83,3916,19-Jul-02,1.07
84,3915,22-Jul-02,1.07
85,3914,23-Jul-02,1.03
86,3913,24-Jul-02,1.09
87,3912,25-Jul-02,1.03
88,3911,26-Jul-02,1.02
89,3910,29-Jul-02,1.07
90,3909,30-Jul-02,1.1
91,3908,31-Jul-02,1.09
92,3907,1-Aug-02,1.06
93,3906,2-Aug-02,1.03
94,3905,5-Aug-02,1.0
95,3904,6-Aug-02,1.05
96,3903,7-Aug-02,1.07
97,3902,8-Aug-02,1.09
98,3901,9-Aug-02,1.07
99,3900,12-Aug-02,1.07
100,3899,13-Aug-02,1.04
101,3898,14-Aug-02,1.08
102,3897,15-Aug-02,1.12
103,3896,16-Aug-02,1.13
104,3895,19-Aug-02,1.14
105,3894,20-Aug-02,1.14
106,3893,21-Aug-02,1.15
107,3892,22-Aug-02,1.14
108,3891,23-Aug-02,1.12
109,3890,26-Aug-02,1.11
110,3889,27-Aug-02,1.06
111,3888,28-Aug-02,1.05
112,3887,29-Aug-02,1.05
113,3886,30-Aug-02,1.05
114,3885,3-Sep-02,1.0
115,3884,4-Sep-02,1.03
116,3883,5-Sep-02,1.01
117,3882,6-Sep-02,1.03
118,3881,9-Sep-02,1.03
119,3880,10-Sep-02,1.02
120,3879,11-Sep-02,1.02
121,3878,12-Sep-02,1.01
122,3877,13-Sep-02,1.01
123,3876,16-Sep-02,1.04
124,3875,17-Sep-02,1.06
125,3874,18-Sep-02,1.07
126,3873,19-Sep-02,1.04
127,3872,20-Sep-02,1.06
128,3871,23-Sep-02,1.06
129,3870,24-Sep-02,1.05
130,3869,25-Sep-02,1.07
131,3868,26-Sep-02,1.05
132,3867,27-Sep-02,1.05
133,3866,30-Sep-02,1.04
134,3865,1-Oct-02,1.04
135,3864,2-Oct-02,1.01
136,3863,3-Oct-02,1.02
137,3862,4-Oct-02,1.0
138,3861,7-Oct-02,0.98
139,3860,8-Oct-02,0.98
140,3859,9-Oct-02,0.97
141,3858,10-Oct-02,1.01
142,3857,11-Oct-02,1.04
143,3856,14-Oct-02,1.06
144,3855,15-Oct-02,1.08
145,3854,16-Oct-02,1.04
146,3853,17-Oct-02,1.01
147,3852,18-Oct-02,1.02
148,3851,21-Oct-02,1.04
149,3850,22-Oct-02,1.05
150,3849,23-Oct-02,1.06
151,3848,24-Oct-02,1.05
152,3847,25-Oct-02,1.1
153,3846,28-Oct-02,1.12
154,3845,29-Oct-02,1.1
155,3844,30-Oct-02,1.15
156,3843,31-Oct-02,1.15
157,3842,1-Nov-02,1.17
158,3841,4-Nov-02,1.21
159,3840,5-Nov-02,1.21
160,3839,6-Nov-02,1.23
161,3838,7-Nov-02,1.14
162,3837,8-Nov-02,1.13
163,3836,11-Nov-02,1.08
164,3835,12-Nov-02,1.12
165,3834,13-Nov-02,1.11
166,3833,14-Nov-02,1.16
167,3832,15-Nov-02,1.14
168,3831,18-Nov-02,1.12
169,3830,19-Nov-02,1.09
170,3829,20-Nov-02,1.11
171,3828,21-Nov-02,1.17
172,3827,22-Nov-02,1.14
173,3826,25-Nov-02,1.14
174,3825,26-Nov-02,1.1
175,3824,27-Nov-02,1.12
176,3823,29-Nov-02,1.11
177,3822,2-Dec-02,1.08
178,3821,3-Dec-02,1.08
179,3820,4-Dec-02,1.07
180,3819,5-Dec-02,1.04
181,3818,6-Dec-02,1.07
182,3817,9-Dec-02,1.05
183,3816,10-Dec-02,1.09
184,3815,11-Dec-02,1.11
185,3814,12-Dec-02,1.08
186,3813,13-Dec-02,1.06
187,3812,16-Dec-02,1.06
188,3811,17-Dec-02,1.08
189,3810,18-Dec-02,1.04
190,3809,19-Dec-02,1.01
191,3808,20-Dec-02,1.01
192,3807,23-Dec-02,1.04
193,3806,24-Dec-02,1.03
194,3805,26-Dec-02,1.03
195,3804,27-Dec-02,1.0
196,3803,30-Dec-02,1.0
197,3802,31-Dec-02,1.02
198,3801,2-Jan-03,1.06
199,3800,3-Jan-03,1.06
200,3799,6-Jan-03,1.06
201,3798,7-Jan-03,1.06
202,3797,8-Jan-03,1.04
203,3796,9-Jan-03,1.05
204,3795,10-Jan-03,1.05
205,3794,13-Jan-03,1.04
206,3793,14-Jan-03,1.04
207,3792,15-Jan-03,1.03
208,3791,16-Jan-03,1.04
209,3790,17-Jan-03,1.01
210,3789,21-Jan-03,1.0
211,3788,22-Jan-03,0.99
212,3787,23-Jan-03,1.01
213,3786,24-Jan-03,0.99
214,3785,27-Jan-03,1.01
215,3784,28-Jan-03,1.04
216,3783,29-Jan-03,1.07
217,3782,30-Jan-03,1.02
218,3781,31-Jan-03,1.03
219,3780,3-Feb-03,1.05
220,3779,4-Feb-03,1.04
221,3778,5-Feb-03,1.03
222,3777,6-Feb-03,1.03
223,3776,7-Feb-03,1.01
224,3775,10-Feb-03,1.02
225,3774,11-Feb-03,1.02
226,3773,12-Feb-03,1.03
227,3772,13-Feb-03,1.04
228,3771,14-Feb-03,1.05
229,3770,18-Feb-03,1.09
230,3769,19-Feb-03,1.06
231,3768,20-Feb-03,1.06
232,3767,21-Feb-03,1.07
233,3766,24-Feb-03,1.05
234,3765,25-Feb-03,1.07
235,3764,26-Feb-03,1.04
236,3763,27-Feb-03,1.06
237,3762,28-Feb-03,1.07
238,3761,3-Mar-03,1.05
239,3760,4-Mar-03,1.04
240,3759,5-Mar-03,1.04
241,3758,6-Mar-03,1.04
242,3757,7-Mar-03,1.04
243,3756,10-Mar-03,1.03
244,3755,11-Mar-03,1.02
245,3754,12-Mar-03,1.02
246,3753,13-Mar-03,1.05
247,3752,14-Mar-03,1.06
248,3751,17-Mar-03,1.07
249,3750,18-Mar-03,1.07
250,3749,19-Mar-03,1.07
251,3748,20-Mar-03,1.06
252,3747,21-Mar-03,1.07
253,3746,24-Mar-03,1.03
254,3745,25-Mar-03,1.04
255,3744,26-Mar-03,1.03
256,3743,27-Mar-03,1.04
257,3742,28-Mar-03,1.04
258,3741,31-Mar-03,1.01
259,3740,1-Apr-03,1.01
260,3739,2-Apr-03,1.04
261,3738,3-Apr-03,1.03
262,3737,4-Apr-03,1.03
263,3736,7-Apr-03,1.04
264,3735,8-Apr-03,1.03
265,3734,9-Apr-03,1.01
266,3733,10-Apr-03,1.03
267,3732,11-Apr-03,0.94
268,3731,14-Apr-03,0.97
269,3730,15-Apr-03,0.96
270,3729,16-Apr-03,0.95
271,3728,17-Apr-03,0.94
272,3727,21-Apr-03,0.94
273,3726,22-Apr-03,0.96
274,3725,23-Apr-03,0.97
275,3724,24-Apr-03,0.96
276,3723,25-Apr-03,0.95
277,3722,28-Apr-03,0.99
278,3721,29-Apr-03,1.0
279,3720,30-Apr-03,1.02
280,3719,1-May-03,1.03
281,3718,2-May-03,1.03
282,3717,5-May-03,1.15
283,3716,6-May-03,1.25
284,3715,7-May-03,1.26
285,3714,8-May-03,1.29
286,3713,9-May-03,1.31
287,3712,12-May-03,1.33
288,3711,13-May-03,1.33
289,3710,14-May-03,1.32
290,3709,15-May-03,1.34
291,3708,16-May-03,1.34
292,3707,19-May-03,1.29
293,3706,20-May-03,1.27
294,3705,21-May-03,1.28
295,3704,22-May-03,1.3
296,3703,23-May-03,1.31
297,3702,27-May-03,1.35
298,3701,28-May-03,1.3
299,3700,29-May-03,1.29
300,3699,30-May-03,1.28
301,3698,2-Jun-03,1.25
302,3697,3-Jun-03,1.24
303,3696,4-Jun-03,1.26
304,3695,5-Jun-03,1.26
305,3694,6-Jun-03,1.22
306,3693,9-Jun-03,1.2
307,3692,10-Jun-03,1.23
308,3691,11-Jun-03,1.25
309,3690,12-Jun-03,1.27
310,3689,13-Jun-03,1.24
311,3688,16-Jun-03,1.3
312,3687,17-Jun-03,1.3
313,3686,18-Jun-03,1.37
314,3685,19-Jun-03,1.37
315,3684,20-Jun-03,1.37
316,3683,23-Jun-03,1.36
317,3682,24-Jun-03,1.34
318,3681,25-Jun-03,1.36
319,3680,26-Jun-03,1.38
320,3679,27-Jun-03,1.34
321,3678,30-Jun-03,1.36
322,3677,1-Jul-03,1.36
323,3676,2-Jul-03,1.38
324,3675,3-Jul-03,1.37
325,3674,7-Jul-03,1.42
326,3673,8-Jul-03,1.46
327,3672,9-Jul-03,1.42
328,3671,10-Jul-03,1.4
329,3670,11-Jul-03,1.42
330,3669,14-Jul-03,1.42
331,3668,15-Jul-03,1.4
332,3667,16-Jul-03,1.42
333,3666,17-Jul-03,1.49
334,3665,18-Jul-03,1.49
335,3664,21-Jul-03,1.47
336,3663,22-Jul-03,1.49
337,3662,23-Jul-03,1.48
338,3661,24-Jul-03,1.46
339,3660,25-Jul-03,1.54
340,3659,28-Jul-03,1.5
341,3658,29-Jul-03,1.48
342,3657,30-Jul-03,1.45
343,3656,31-Jul-03,1.51
344,3655,1-Aug-03,1.48
345,3654,4-Aug-03,1.52
346,3653,5-Aug-03,1.46
347,3652,6-Aug-03,1.4
348,3651,7-Aug-03,1.42
349,3650,8-Aug-03,1.4
350,3649,11-Aug-03,1.4
351,3648,12-Aug-03,1.41
352,3647,13-Aug-03,1.44
353,3646,14-Aug-03,1.43
354,3645,15-Aug-03,1.41
355,3644,18-Aug-03,1.45
356,3643,19-Aug-03,1.45
357,3642,20-Aug-03,1.5
358,3641,21-Aug-03,1.55
359,3640,22-Aug-03,1.49
360,3639,25-Aug-03,1.49
361,3638,26-Aug-03,1.5
362,3637,27-Aug-03,1.53
363,3636,28-Aug-03,1.58
364,3635,29-Aug-03,1.62
365,3634,2-Sep-03,1.63
366,3633,3-Sep-03,1.64
367,3632,4-Sep-03,1.63
368,3631,5-Sep-03,1.61
369,3630,8-Sep-03,1.62
370,3629,9-Sep-03,1.6
371,3628,10-Sep-03,1.58
372,3627,11-Sep-03,1.61
373,3626,12-Sep-03,1.65
374,3625,15-Sep-03,1.59
375,3624,16-Sep-03,1.6
376,3623,17-Sep-03,1.58
377,3622,18-Sep-03,1.63
378,3621,19-Sep-03,1.61
379,3620,22-Sep-03,1.58
380,3619,23-Sep-03,1.6
381,3618,24-Sep-03,1.52
382,3617,25-Sep-03,1.46
383,3616,26-Sep-03,1.48
384,3615,29-Sep-03,1.52
385,3614,30-Sep-03,1.48
386,3613,1-Oct-03,1.48
387,3612,2-Oct-03,1.47
388,3611,3-Oct-03,1.55
389,3610,6-Oct-03,1.59
390,3609,7-Oct-03,1.66
391,3608,8-Oct-03,1.65
392,3607,9-Oct-03,1.68
393,3606,10-Oct-03,1.69
394,3605,13-Oct-03,1.74
395,3604,14-Oct-03,1.75
396,3603,15-Oct-03,1.77
397,3602,16-Oct-03,1.66
398,3601,17-Oct-03,1.62
399,3600,20-Oct-03,1.66
400,3599,21-Oct-03,1.66
401,3598,22-Oct-03,1.63
402,3597,23-Oct-03,1.64
403,3596,24-Oct-03,1.61
404,3595,27-Oct-03,1.61
405,3594,28-Oct-03,1.69
406,3593,29-Oct-03,1.69
407,3592,30-Oct-03,1.65
408,3591,31-Oct-03,1.64
409,3590,3-Nov-03,1.65
410,3589,4-Nov-03,1.64
411,3588,5-Nov-03,1.64
412,3587,6-Nov-03,1.65
413,3586,7-Nov-03,1.61
414,3585,10-Nov-03,1.56
415,3584,11-Nov-03,1.54
416,3583,12-Nov-03,1.6
417,3582,13-Nov-03,1.6
418,3581,14-Nov-03,1.53
419,3580,17-Nov-03,1.51
420,3579,18-Nov-03,1.46
421,3578,19-Nov-03,1.46
422,3577,20-Nov-03,1.46
423,3576,21-Nov-03,1.45
424,3575,24-Nov-03,1.51
425,3574,25-Nov-03,1.48
426,3573,26-Nov-03,1.48
427,3572,28-Nov-03,1.49
428,3571,1-Dec-03,1.55
429,3570,2-Dec-03,1.54
430,3569,3-Dec-03,1.5
431,3568,4-Dec-03,1.51
432,3567,5-Dec-03,1.49
433,3566,8-Dec-03,1.5
434,3565,9-Dec-03,1.46
435,3564,10-Dec-03,1.46
436,3563,11-Dec-03,1.52
437,3562,12-Dec-03,1.49
438,3561,15-Dec-03,1.44
439,3560,16-Dec-03,1.44
440,3559,17-Dec-03,1.42
441,3558,18-Dec-03,1.43
442,3557,19-Dec-03,1.41
443,3556,22-Dec-03,1.42
444,3555,23-Dec-03,1.42
445,3554,24-Dec-03,1.46
446,3553,26-Dec-03,1.48
447,3552,29-Dec-03,1.51
448,3551,30-Dec-03,1.52
449,3550,31-Dec-03,1.53
450,3549,2-Jan-04,1.52
451,3548,5-Jan-04,1.58
452,3547,6-Jan-04,1.58
453,3546,7-Jan-04,1.61
454,3545,8-Jan-04,1.67
455,3544,9-Jan-04,1.64
456,3543,12-Jan-04,1.7
457,3542,13-Jan-04,1.72
458,3541,14-Jan-04,1.73
459,3540,15-Jan-04,1.63
460,3539,16-Jan-04,1.62
461,3538,20-Jan-04,1.62
462,3537,21-Jan-04,1.62
463,3536,22-Jan-04,1.58
464,3535,23-Jan-04,1.61
465,3534,26-Jan-04,1.64
466,3533,27-Jan-04,1.65
467,3532,28-Jan-04,1.61
468,3531,29-Jan-04,1.62
469,3530,30-Jan-04,1.61
470,3529,2-Feb-04,1.59
471,3528,3-Feb-04,1.59
472,3527,4-Feb-04,1.56
473,3526,5-Feb-04,1.6
474,3525,6-Feb-04,1.62
475,3524,9-Feb-04,1.62
476,3523,10-Feb-04,1.64
477,3522,11-Feb-04,1.7
478,3521,12-Feb-04,1.7
479,3520,13-Feb-04,1.64
480,3519,17-Feb-04,1.65
481,3518,18-Feb-04,1.66
482,3517,19-Feb-04,1.6
483,3516,20-Feb-04,1.6
484,3515,23-Feb-04,1.58
485,3514,24-Feb-04,1.6
486,3513,25-Feb-04,1.63
487,3512,26-Feb-04,1.65
488,3511,27-Feb-04,1.71
489,3510,1-Mar-04,1.72
490,3509,2-Mar-04,1.7
491,3508,3-Mar-04,1.71
492,3507,4-Mar-04,1.8
493,3506,5-Mar-04,1.91
494,3505,8-Mar-04,1.86
495,3504,9-Mar-04,1.94
496,3503,10-Mar-04,1.98
497,3502,11-Mar-04,1.94
498,3501,12-Mar-04,1.97
499,3500,15-Mar-04,1.89
500,3499,16-Mar-04,1.84
501,3498,17-Mar-04,1.87
502,3497,18-Mar-04,1.83
503,3496,19-Mar-04,1.85
504,3495,22-Mar-04,1.85
505,3494,23-Mar-04,1.81
506,3493,24-Mar-04,1.82
507,3492,25-Mar-04,1.92
508,3491,26-Mar-04,1.93
509,3490,29-Mar-04,1.99
510,3489,30-Mar-04,1.99
511,3488,31-Mar-04,1.93
512,3487,1-Apr-04,1.94
513,3486,2-Apr-04,1.96
514,3485,5-Apr-04,2.02
515,3484,6-Apr-04,1.99
516,3483,7-Apr-04,1.95
517,3482,8-Apr-04,1.97
518,3481,12-Apr-04,2.0
519,3480,13-Apr-04,1.92
520,3479,14-Apr-04,1.9
521,3478,15-Apr-04,2.09
522,3477,16-Apr-04,2.08
523,3476,19-Apr-04,2.02
524,3475,20-Apr-04,1.98
525,3474,21-Apr-04,1.98
526,3473,22-Apr-04,1.98
527,3472,23-Apr-04,1.98
528,3471,26-Apr-04,1.94
529,3470,27-Apr-04,1.92
530,3469,28-Apr-04,1.89
531,3468,29-Apr-04,1.91
532,3467,30-Apr-04,1.84
533,3466,3-May-04,1.86
534,3465,4-May-04,1.87
535,3464,5-May-04,1.9
536,3463,6-May-04,1.9
537,3462,7-May-04,1.9
538,3461,10-May-04,1.88
539,3460,11-May-04,1.94
540,3459,12-May-04,1.95
541,3458,13-May-04,1.94
542,3457,14-May-04,1.93
543,3456,17-May-04,1.9
544,3455,18-May-04,1.93
545,3454,19-May-04,1.89
546,3453,20-May-04,1.91
547,3452,21-May-04,1.94
548,3451,24-May-04,1.95
549,3450,25-May-04,2.03
550,3449,26-May-04,2.04
551,3448,27-May-04,2.01
552,3447,28-May-04,2.0
553,3446,1-Jun-04,2.0
554,3445,2-Jun-04,2.07
555,3444,3-Jun-04,2.03
556,3443,4-Jun-04,2.06
557,3442,7-Jun-04,2.13
558,3441,8-Jun-04,2.17
559,3440,9-Jun-04,2.16
560,3439,10-Jun-04,2.2
561,3438,14-Jun-04,2.15
562,3437,15-Jun-04,2.19
563,3436,16-Jun-04,2.34
564,3435,17-Jun-04,2.34
565,3434,18-Jun-04,2.35
566,3433,21-Jun-04,2.31
567,3432,22-Jun-04,2.36
568,3431,23-Jun-04,2.41
569,3430,24-Jun-04,2.37
570,3429,25-Jun-04,2.4
571,3428,28-Jun-04,2.32
572,3427,29-Jun-04,2.32
573,3426,30-Jun-04,2.32
574,3425,1-Jul-04,2.31
575,3424,2-Jul-04,2.22
576,3423,6-Jul-04,2.21
577,3422,7-Jul-04,2.17
578,3421,8-Jul-04,2.15
579,3420,9-Jul-04,2.14
580,3419,12-Jul-04,2.08
581,3418,13-Jul-04,2.09
582,3417,14-Jul-04,2.11
583,3416,15-Jul-04,2.35
584,3415,16-Jul-04,2.3
585,3414,19-Jul-04,2.28
586,3413,20-Jul-04,2.3
587,3412,21-Jul-04,2.26
588,3411,22-Jul-04,2.26
589,3410,23-Jul-04,2.19
590,3409,26-Jul-04,2.23
591,3408,27-Jul-04,2.32
592,3407,28-Jul-04,2.3
593,3406,29-Jul-04,2.33
594,3405,30-Jul-04,2.31
595,3404,2-Aug-04,2.26
596,3403,3-Aug-04,2.24
597,3402,4-Aug-04,2.27
598,3401,5-Aug-04,2.24
599,3400,6-Aug-04,2.13
600,3399,9-Aug-04,2.16
601,3398,10-Aug-04,2.25
602,3397,11-Aug-04,2.22
603,3396,12-Aug-04,2.17
604,3395,13-Aug-04,2.2
605,3394,16-Aug-04,2.2
606,3393,17-Aug-04,2.2
607,3392,18-Aug-04,2.27
608,3391,19-Aug-04,2.19
609,3390,20-Aug-04,2.2
610,3389,23-Aug-04,2.22
611,3388,24-Aug-04,2.28
612,3387,25-Aug-04,2.36
613,3386,26-Aug-04,2.48
614,3385,27-Aug-04,2.45
615,3384,30-Aug-04,2.44
616,3383,31-Aug-04,2.46
617,3382,1-Sep-04,2.56
618,3381,2-Sep-04,2.55
619,3380,3-Sep-04,2.52
620,3379,7-Sep-04,2.55
621,3378,8-Sep-04,2.6
622,3377,9-Sep-04,2.55
623,3376,10-Sep-04,2.56
624,3375,13-Sep-04,2.54
625,3374,14-Sep-04,2.54
626,3373,15-Sep-04,2.51
627,3372,16-Sep-04,2.6
628,3371,17-Sep-04,2.65
629,3370,20-Sep-04,2.69
630,3369,21-Sep-04,2.72
631,3368,22-Sep-04,2.64
632,3367,23-Sep-04,2.66
633,3366,24-Sep-04,2.66
634,3365,27-Sep-04,2.68
635,3364,28-Sep-04,2.72
636,3363,29-Sep-04,2.76
637,3362,30-Sep-04,2.77
638,3361,1-Oct-04,2.76
639,3360,4-Oct-04,2.77
640,3359,5-Oct-04,2.81
641,3358,6-Oct-04,2.9
642,3357,7-Oct-04,2.83
643,3356,8-Oct-04,2.79
644,3355,11-Oct-04,2.76
645,3354,12-Oct-04,2.74
646,3353,13-Oct-04,2.84
647,3352,14-Oct-04,3.21
648,3351,15-Oct-04,3.25
649,3350,18-Oct-04,3.41
650,3349,19-Oct-04,3.39
651,3348,20-Oct-04,3.39
652,3347,21-Oct-04,3.42
653,3346,22-Oct-04,3.39
654,3345,25-Oct-04,3.4
655,3344,26-Oct-04,3.43
656,3343,27-Oct-04,3.59
657,3342,28-Oct-04,3.73
658,3341,29-Oct-04,3.74
659,3340,1-Nov-04,3.75
660,3339,2-Nov-04,3.82
661,3338,3-Nov-04,3.95
662,3337,4-Nov-04,3.89
663,3336,5-Nov-04,3.91
664,3335,8-Nov-04,3.88
665,3334,9-Nov-04,3.86
666,3333,10-Nov-04,3.91
667,3332,11-Nov-04,3.95
668,3331,12-Nov-04,3.96
669,3330,15-Nov-04,3.95
670,3329,16-Nov-04,3.92
671,3328,17-Nov-04,3.92
672,3327,18-Nov-04,3.96
673,3326,19-Nov-04,3.94
674,3325,22-Nov-04,4.38
675,3324,23-Nov-04,4.38
676,3323,24-Nov-04,4.58
677,3322,26-Nov-04,4.61
678,3321,29-Nov-04,4.89
679,3320,30-Nov-04,4.79
680,3319,1-Dec-04,4.84
681,3318,2-Dec-04,4.66
682,3317,3-Dec-04,4.48
683,3316,6-Dec-04,4.7
684,3315,7-Dec-04,4.49
685,3314,8-Dec-04,4.52
686,3313,9-Dec-04,4.57
687,3312,10-Dec-04,4.65
688,3311,13-Dec-04,4.64
689,3310,14-Dec-04,4.66
690,3309,15-Dec-04,4.66
691,3308,16-Dec-04,4.76
692,3307,17-Dec-04,4.64
693,3306,20-Dec-04,4.48
694,3305,21-Dec-04,4.55
695,3304,22-Dec-04,4.55
696,3303,23-Dec-04,4.57
697,3302,27-Dec-04,4.51
698,3301,28-Dec-04,4.58
699,3300,29-Dec-04,4.6
700,3299,30-Dec-04,4.63
701,3298,31-Dec-04,4.6
702,3297,3-Jan-05,4.52
703,3296,4-Jan-05,4.57
704,3295,5-Jan-05,4.61
705,3294,6-Jan-05,4.61
706,3293,7-Jan-05,4.95
707,3292,10-Jan-05,4.93
708,3291,11-Jan-05,4.61
709,3290,12-Jan-05,4.68
710,3289,13-Jan-05,4.99
711,3288,14-Jan-05,5.01
712,3287,18-Jan-05,5.05
713,3286,19-Jan-05,4.99
714,3285,20-Jan-05,5.03
715,3284,21-Jan-05,5.04
716,3283,24-Jan-05,5.05
717,3282,25-Jan-05,5.15
718,3281,26-Jan-05,5.16
719,3280,27-Jan-05,5.19
720,3279,28-Jan-05,5.28
721,3278,31-Jan-05,5.49
722,3277,1-Feb-05,5.54
723,3276,2-Feb-05,5.69
724,3275,3-Feb-05,5.56
725,3274,4-Feb-05,5.63
726,3273,7-Feb-05,5.64
727,3272,8-Feb-05,5.78
728,3271,9-Feb-05,5.62
729,3270,10-Feb-05,5.6
730,3269,11-Feb-05,5.8
731,3268,14-Feb-05,6.04
732,3267,15-Feb-05,6.32
733,3266,16-Feb-05,6.44
734,3265,17-Feb-05,6.27
735,3264,18-Feb-05,6.2
736,3263,22-Feb-05,6.09
737,3262,23-Feb-05,6.3
738,3261,24-Feb-05,6.35
739,3260,25-Feb-05,6.36
740,3259,28-Feb-05,6.41
741,3258,1-Mar-05,6.36
742,3257,2-Mar-05,6.3
743,3256,3-Mar-05,5.97
744,3255,4-Mar-05,6.12
745,3254,7-Mar-05,6.11
746,3253,8-Mar-05,5.79
747,3252,9-Mar-05,5.62
748,3251,10-Mar-05,5.69
749,3250,11-Mar-05,5.75
750,3249,14-Mar-05,5.76
751,3248,15-Mar-05,5.85
752,3247,16-Mar-05,5.88
753,3246,17-Mar-05,6.04
754,3245,18-Mar-05,6.14
755,3244,21-Mar-05,6.24
756,3243,22-Mar-05,6.12
757,3242,23-Mar-05,6.08
758,3241,24-Mar-05,6.07
759,3240,28-Mar-05,6.08
760,3239,29-Mar-05,5.96
761,3238,30-Mar-05,6.11
762,3237,31-Mar-05,5.95
763,3236,1-Apr-05,5.84
764,3235,4-Apr-05,5.87
765,3234,5-Apr-05,5.98
766,3233,6-Apr-05,6.05
767,3232,7-Apr-05,6.22
768,3231,8-Apr-05,6.25
769,3230,11-Apr-05,5.99
770,3229,12-Apr-05,6.09
771,3228,13-Apr-05,5.86
772,3227,14-Apr-05,5.32
773,3226,15-Apr-05,5.05
774,3225,18-Apr-05,5.09
775,3224,19-Apr-05,5.3
776,3223,20-Apr-05,5.07
777,3222,21-Apr-05,5.31
778,3221,22-Apr-05,5.07
779,3220,25-Apr-05,5.28
780,3219,26-Apr-05,5.17
781,3218,27-Apr-05,5.14
782,3217,28-Apr-05,5.08
783,3216,29-Apr-05,5.15
784,3215,2-May-05,5.2
785,3214,3-May-05,5.17
786,3213,4-May-05,5.31
787,3212,5-May-05,5.24
788,3211,6-May-05,5.32
789,3210,9-May-05,5.28
790,3209,10-May-05,5.2
791,3208,11-May-05,5.09
792,3207,12-May-05,4.88
793,3206,13-May-05,4.97
794,3205,16-May-05,5.08
795,3204,17-May-05,5.05
796,3203,18-May-05,5.12
797,3202,19-May-05,5.36
798,3201,20-May-05,5.36
799,3200,23-May-05,5.68
800,3199,24-May-05,5.67
801,3198,25-May-05,5.68
802,3197,26-May-05,5.82
803,3196,27-May-05,5.79
804,3195,31-May-05,5.68
805,3194,1-Jun-05,5.76
806,3193,2-Jun-05,5.72
807,3192,3-Jun-05,5.46
808,3191,6-Jun-05,5.42
809,3190,7-Jun-05,5.22
810,3189,8-Jun-05,5.27
811,3188,9-Jun-05,5.38
812,3187,10-Jun-05,5.12
813,3186,13-Jun-05,5.13
814,3185,14-Jun-05,5.14
815,3184,15-Jun-05,5.3
816,3183,16-Jun-05,5.43
817,3182,17-Jun-05,5.47
818,3181,20-Jun-05,5.37
819,3180,21-Jun-05,5.41
820,3179,22-Jun-05,5.51
821,3178,23-Jun-05,5.56
822,3177,24-Jun-05,5.39
823,3176,27-Jun-05,5.3
824,3175,28-Jun-05,5.33
825,3174,29-Jun-05,5.2
826,3173,30-Jun-05,5.26
827,3172,1-Jul-05,5.21
828,3171,5-Jul-05,5.43
829,3170,6-Jul-05,5.34
830,3169,7-Jul-05,5.38
831,3168,8-Jul-05,5.46
832,3167,11-Jul-05,5.44
833,3166,12-Jul-05,5.46
834,3165,13-Jul-05,5.48
835,3164,14-Jul-05,5.82
836,3163,15-Jul-05,5.94
837,3162,18-Jul-05,5.93
838,3161,19-Jul-05,6.17
839,3160,20-Jul-05,6.23
840,3159,21-Jul-05,6.18
841,3158,22-Jul-05,6.29
842,3157,25-Jul-05,6.26
843,3156,26-Jul-05,6.23
844,3155,27-Jul-05,6.28
845,3154,28-Jul-05,6.26
846,3153,29-Jul-05,6.09
847,3152,1-Aug-05,6.11
848,3151,2-Aug-05,6.17
849,3150,3-Aug-05,6.17
850,3149,4-Aug-05,6.1
851,3148,5-Aug-05,6.14
852,3147,8-Aug-05,6.09
853,3146,9-Aug-05,6.26
854,3145,10-Aug-05,6.2
855,3144,11-Aug-05,6.29
856,3143,12-Aug-05,6.59
857,3142,15-Aug-05,6.81
858,3141,16-Aug-05,6.61
859,3140,17-Aug-05,6.74
860,3139,18-Aug-05,6.61
861,3138,19-Aug-05,6.55
862,3137,22-Aug-05,6.55
863,3136,23-Aug-05,6.53
864,3135,24-Aug-05,6.54
865,3134,25-Aug-05,6.58
866,3133,26-Aug-05,6.53
867,3132,29-Aug-05,6.55
868,3131,30-Aug-05,6.65
869,3130,31-Aug-05,6.7
870,3129,1-Sep-05,6.61
871,3128,2-Sep-05,6.6
872,3127,6-Sep-05,6.97
873,3126,7-Sep-05,6.95
874,3125,8-Sep-05,7.11
875,3124,9-Sep-05,7.33
876,3123,12-Sep-05,7.34
877,3122,13-Sep-05,7.26
878,3121,14-Sep-05,7.09
879,3120,15-Sep-05,7.12
880,3119,16-Sep-05,7.32
881,3118,19-Sep-05,7.52
882,3117,20-Sep-05,7.6
883,3116,21-Sep-05,7.44
884,3115,22-Sep-05,7.41
885,3114,23-Sep-05,7.6
886,3113,26-Sep-05,7.69
887,3112,27-Sep-05,7.63
888,3111,28-Sep-05,7.3
889,3110,29-Sep-05,7.48
890,3109,30-Sep-05,7.66
891,3108,3-Oct-05,7.78
892,3107,4-Oct-05,7.68
893,3106,5-Oct-05,7.54
894,3105,6-Oct-05,7.39
895,3104,7-Oct-05,7.33
896,3103,10-Oct-05,7.2
897,3102,11-Oct-05,7.37
898,3101,12-Oct-05,7.04
899,3100,13-Oct-05,7.68
900,3099,14-Oct-05,7.71
901,3098,17-Oct-05,7.63
902,3097,18-Oct-05,7.46
903,3096,19-Oct-05,7.85
904,3095,20-Oct-05,8.02
905,3094,21-Oct-05,7.95
906,3093,24-Oct-05,8.11
907,3092,25-Oct-05,8.01
908,3091,26-Oct-05,8.15
909,3090,27-Oct-05,7.92
910,3089,28-Oct-05,7.78
911,3088,31-Oct-05,8.23
912,3087,1-Nov-05,8.21
913,3086,2-Nov-05,8.56
914,3085,3-Nov-05,8.84
915,3084,4-Nov-05,8.74
916,3083,7-Nov-05,8.6
917,3082,8-Nov-05,8.56
918,3081,9-Nov-05,8.59
919,3080,10-Nov-05,8.74
920,3079,11-Nov-05,8.79
921,3078,14-Nov-05,8.78
922,3077,15-Nov-05,8.9
923,3076,16-Nov-05,9.28
924,3075,17-Nov-05,9.22
925,3074,18-Nov-05,9.22
926,3073,21-Nov-05,9.28
927,3072,22-Nov-05,9.5
928,3071,23-Nov-05,9.59
929,3070,25-Nov-05,9.91
930,3069,28-Nov-05,9.95
931,3068,29-Nov-05,9.73
932,3067,30-Nov-05,9.69
933,3066,1-Dec-05,10.23
934,3065,2-Dec-05,10.38
935,3064,5-Dec-05,10.26
936,3063,6-Dec-05,10.58
937,3062,7-Dec-05,10.56
938,3061,8-Dec-05,10.58
939,3060,9-Dec-05,10.62
940,3059,12-Dec-05,10.7
941,3058,13-Dec-05,10.71
942,3057,14-Dec-05,10.29
943,3056,15-Dec-05,10.31
944,3055,16-Dec-05,10.16
945,3054,19-Dec-05,10.2
946,3053,20-Dec-05,10.3
947,3052,21-Dec-05,10.5
948,3051,22-Dec-05,10.57
949,3050,23-Dec-05,10.48
950,3049,27-Dec-05,10.6
951,3048,28-Dec-05,10.51
952,3047,29-Dec-05,10.21
953,3046,30-Dec-05,10.27
954,3045,3-Jan-06,10.68
955,3044,4-Jan-06,10.71
956,3043,5-Jan-06,10.63
957,3042,6-Jan-06,10.9
958,3041,9-Jan-06,10.86
959,3040,10-Jan-06,11.55
960,3039,11-Jan-06,11.99
961,3038,12-Jan-06,12.04
962,3037,13-Jan-06,12.23
963,3036,17-Jan-06,12.1
964,3035,18-Jan-06,11.78
965,3034,19-Jan-06,11.29
966,3033,20-Jan-06,10.87
967,3032,23-Jan-06,11.1
968,3031,24-Jan-06,10.86
969,3030,25-Jan-06,10.6
970,3029,26-Jan-06,10.33
971,3028,27-Jan-06,10.29
972,3027,30-Jan-06,10.71
973,3026,31-Jan-06,10.79
974,3025,1-Feb-06,10.77
975,3024,2-Feb-06,10.3
976,3023,3-Feb-06,10.26
977,3022,6-Feb-06,9.61
978,3021,7-Feb-06,9.66
979,3020,8-Feb-06,9.83
980,3019,9-Feb-06,9.28
981,3018,10-Feb-06,9.62
982,3017,13-Feb-06,9.24
983,3016,14-Feb-06,9.66
984,3015,15-Feb-06,9.89
985,3014,16-Feb-06,10.08
986,3013,17-Feb-06,10.04
987,3012,21-Feb-06,9.87
988,3011,22-Feb-06,10.19
989,3010,23-Feb-06,10.25
990,3009,24-Feb-06,10.21
991,3008,27-Feb-06,10.14
992,3007,28-Feb-06,9.78
993,3006,1-Mar-06,9.87
994,3005,2-Mar-06,9.94
995,3004,3-Mar-06,9.67
996,3003,6-Mar-06,9.35
997,3002,7-Mar-06,9.47
998,3001,8-Mar-06,9.38
999,3000,9-Mar-06,9.13
1000,2999,10-Mar-06,9.03
1001,2998,13-Mar-06,9.38
1002,2997,14-Mar-06,9.62
1003,2996,15-Mar-06,9.46
1004,2995,16-Mar-06,9.19
1005,2994,17-Mar-06,9.24
1006,2993,20-Mar-06,9.14
1007,2992,21-Mar-06,8.83
1008,2991,22-Mar-06,8.81
1009,2990,23-Mar-06,8.59
1010,2989,24-Mar-06,8.57
1011,2988,27-Mar-06,8.5
1012,2987,28-Mar-06,8.39
1013,2986,29-Mar-06,8.9
1014,2985,30-Mar-06,8.96
1015,2984,31-Mar-06,8.96
1016,2983,3-Apr-06,8.95
1017,2982,4-Apr-06,8.74
1018,2981,5-Apr-06,9.6
1019,2980,6-Apr-06,10.18
1020,2979,7-Apr-06,9.97
1021,2978,10-Apr-06,9.81
1022,2977,11-Apr-06,9.71
1023,2976,12-Apr-06,9.53
1024,2975,13-Apr-06,9.5
1025,2974,17-Apr-06,9.26
1026,2973,18-Apr-06,9.46
1027,2972,19-Apr-06,9.38
1028,2971,20-Apr-06,9.66
1029,2970,21-Apr-06,9.58
1030,2969,24-Apr-06,9.39
1031,2968,25-Apr-06,9.45
1032,2967,26-Apr-06,9.74
1033,2966,27-Apr-06,9.91
1034,2965,28-Apr-06,10.06
1035,2964,1-May-06,9.94
1036,2963,2-May-06,10.23
1037,2962,3-May-06,10.16
1038,2961,4-May-06,10.16
1039,2960,5-May-06,10.27
1040,2959,8-May-06,10.27
1041,2958,9-May-06,10.15
1042,2957,10-May-06,10.09
1043,2956,11-May-06,9.74
1044,2955,12-May-06,9.67
1045,2954,15-May-06,9.68
1046,2953,16-May-06,9.28
1047,2952,17-May-06,9.32
1048,2951,18-May-06,9.03
1049,2950,19-May-06,9.22
1050,2949,22-May-06,9.05
1051,2948,23-May-06,9.02
1052,2947,24-May-06,9.05
1053,2946,25-May-06,9.19
1054,2945,26-May-06,9.08
1055,2944,30-May-06,8.75
1056,2943,31-May-06,8.54
1057,2942,1-Jun-06,8.88
1058,2941,2-Jun-06,8.81
1059,2940,5-Jun-06,8.57
1060,2939,6-Jun-06,8.53
1061,2938,7-Jun-06,8.37
1062,2937,8-Jun-06,8.68
1063,2936,9-Jun-06,8.46
1064,2935,12-Jun-06,8.14
1065,2934,13-Jun-06,8.33
1066,2933,14-Jun-06,8.23
1067,2932,15-Jun-06,8.48
1068,2931,16-Jun-06,8.22
1069,2930,19-Jun-06,8.17
1070,2929,20-Jun-06,8.21
1071,2928,21-Jun-06,8.27
1072,2927,22-Jun-06,8.51
1073,2926,23-Jun-06,8.4
1074,2925,26-Jun-06,8.43
1075,2924,27-Jun-06,8.2
1076,2923,28-Jun-06,8.0
1077,2922,29-Jun-06,8.42
1078,2921,30-Jun-06,8.18
1079,2920,3-Jul-06,8.28
1080,2919,5-Jul-06,8.14
1081,2918,6-Jul-06,7.97
1082,2917,7-Jul-06,7.91
1083,2916,10-Jul-06,7.86
1084,2915,11-Jul-06,7.95
1085,2914,12-Jul-06,7.57
1086,2913,13-Jul-06,7.46
1087,2912,14-Jul-06,7.24
1088,2911,17-Jul-06,7.48
1089,2910,18-Jul-06,7.56
1090,2909,19-Jul-06,7.73
1091,2908,20-Jul-06,8.64
1092,2907,21-Jul-06,8.67
1093,2906,24-Jul-06,8.77
1094,2905,25-Jul-06,8.85
1095,2904,26-Jul-06,9.12
1096,2903,27-Jul-06,9.06
1097,2902,28-Jul-06,9.37
1098,2901,31-Jul-06,9.71
1099,2900,1-Aug-06,9.6
1100,2899,2-Aug-06,9.74
1101,2898,3-Aug-06,9.94
1102,2897,4-Aug-06,9.76
1103,2896,7-Aug-06,9.6
1104,2895,8-Aug-06,9.25
1105,2894,9-Aug-06,9.08
1106,2893,10-Aug-06,9.15
1107,2892,11-Aug-06,9.09
1108,2891,14-Aug-06,9.13
1109,2890,15-Aug-06,9.49
1110,2889,16-Aug-06,9.71
1111,2888,17-Aug-06,9.66
1112,2887,18-Aug-06,9.7
1113,2886,21-Aug-06,9.51
1114,2885,22-Aug-06,9.66
1115,2884,23-Aug-06,9.62
1116,2883,24-Aug-06,9.69
1117,2882,25-Aug-06,9.82
1118,2881,28-Aug-06,9.57
1119,2880,29-Aug-06,9.5
1120,2879,30-Aug-06,9.57
1121,2878,31-Aug-06,9.69
1122,2877,1-Sep-06,9.77
1123,2876,5-Sep-06,10.21
1124,2875,6-Sep-06,10.0
1125,2874,7-Sep-06,10.4
1126,2873,8-Sep-06,10.36
1127,2872,11-Sep-06,10.36
1128,2871,12-Sep-06,10.38
1129,2870,13-Sep-06,10.6
1130,2869,14-Sep-06,10.6
1131,2868,15-Sep-06,10.59
1132,2867,18-Sep-06,10.56
1133,2866,19-Sep-06,10.54
1134,2865,20-Sep-06,10.75
1135,2864,21-Sep-06,10.66
1136,2863,22-Sep-06,10.43
1137,2862,25-Sep-06,10.82
1138,2861,26-Sep-06,11.09
1139,2860,27-Sep-06,10.92
1140,2859,28-Sep-06,11.0
1141,2858,29-Sep-06,11.0
1142,2857,2-Oct-06,10.69
1143,2856,3-Oct-06,10.58
1144,2855,4-Oct-06,10.77
1145,2854,5-Oct-06,10.69
1146,2853,6-Oct-06,10.6
1147,2852,9-Oct-06,10.66
1148,2851,10-Oct-06,10.54
1149,2850,11-Oct-06,10.46
1150,2849,12-Oct-06,10.75
1151,2848,13-Oct-06,10.72
1152,2847,16-Oct-06,10.77
1153,2846,17-Oct-06,10.61
1154,2845,18-Oct-06,10.65
1155,2844,19-Oct-06,11.28
1156,2843,20-Oct-06,11.42
1157,2842,23-Oct-06,11.64
1158,2841,24-Oct-06,11.58
1159,2840,25-Oct-06,11.67
1160,2839,26-Oct-06,11.74
1161,2838,27-Oct-06,11.49
1162,2837,30-Oct-06,11.49
1163,2836,31-Oct-06,11.58
1164,2835,1-Nov-06,11.31
1165,2834,2-Nov-06,11.28
1166,2833,3-Nov-06,11.18
1167,2832,6-Nov-06,11.39
1168,2831,7-Nov-06,11.5
1169,2830,8-Nov-06,11.78
1170,2829,9-Nov-06,11.91
1171,2828,10-Nov-06,11.87
1172,2827,13-Nov-06,12.05
1173,2826,14-Nov-06,12.1
1174,2825,15-Nov-06,12.01
1175,2824,16-Nov-06,12.23
1176,2823,17-Nov-06,12.26
1177,2822,20-Nov-06,12.35
1178,2821,21-Nov-06,12.66
1179,2820,22-Nov-06,12.9
1180,2819,24-Nov-06,13.09
1181,2818,27-Nov-06,12.79
1182,2817,28-Nov-06,13.12
1183,2816,29-Nov-06,13.11
1184,2815,30-Nov-06,13.09
1185,2814,1-Dec-06,13.05
1186,2813,4-Dec-06,13.02
1187,2812,5-Dec-06,13.04
1188,2811,6-Dec-06,12.83
1189,2810,7-Dec-06,12.43
1190,2809,8-Dec-06,12.61
1191,2808,11-Dec-06,12.68
1192,2807,12-Dec-06,12.31
1193,2806,13-Dec-06,12.72
1194,2805,14-Dec-06,12.65
1195,2804,15-Dec-06,12.53
1196,2803,18-Dec-06,12.21
1197,2802,19-Dec-06,12.33
1198,2801,20-Dec-06,12.11
1199,2800,21-Dec-06,11.84
1200,2799,22-Dec-06,11.74
1201,2798,26-Dec-06,11.64
1202,2797,27-Dec-06,11.65
1203,2796,28-Dec-06,11.55
1204,2795,29-Dec-06,12.12
1205,2794,3-Jan-07,11.97
1206,2793,4-Jan-07,12.24
1207,2792,5-Jan-07,12.15
1208,2791,8-Jan-07,12.21
1209,2790,9-Jan-07,13.22
1210,2789,10-Jan-07,13.86
1211,2788,11-Jan-07,13.69
1212,2787,12-Jan-07,13.52
1213,2786,16-Jan-07,13.87
1214,2785,17-Jan-07,13.56
1215,2784,18-Jan-07,12.72
1216,2783,19-Jan-07,12.64
1217,2782,22-Jan-07,12.4
1218,2781,23-Jan-07,12.24
1219,2780,24-Jan-07,12.39
1220,2779,25-Jan-07,12.32
1221,2778,26-Jan-07,12.2
1222,2777,29-Jan-07,12.28
1223,2776,30-Jan-07,12.22
1224,2775,31-Jan-07,12.25
1225,2774,1-Feb-07,12.11
1226,2773,2-Feb-07,12.11
1227,2772,5-Feb-07,11.99
1228,2771,6-Feb-07,12.02
1229,2770,7-Feb-07,12.31
1230,2769,8-Feb-07,12.31
1231,2768,9-Feb-07,11.9
1232,2767,12-Feb-07,12.13
1233,2766,13-Feb-07,12.09
1234,2765,14-Feb-07,12.19
1235,2764,15-Feb-07,12.17
1236,2763,16-Feb-07,12.12
1237,2762,20-Feb-07,12.27
1238,2761,21-Feb-07,12.74
1239,2760,22-Feb-07,12.79
1240,2759,23-Feb-07,12.72
1241,2758,26-Feb-07,12.66
1242,2757,27-Feb-07,11.99
1243,2756,28-Feb-07,12.09
1244,2755,1-Mar-07,12.44
1245,2754,2-Mar-07,12.2
1246,2753,5-Mar-07,12.33
1247,2752,6-Mar-07,12.6
1248,2751,7-Mar-07,12.53
1249,2750,8-Mar-07,12.57
1250,2749,9-Mar-07,12.57
1251,2748,12-Mar-07,12.84
1252,2747,13-Mar-07,12.63
1253,2746,14-Mar-07,12.86
1254,2745,15-Mar-07,12.8
1255,2744,16-Mar-07,12.8
1256,2743,19-Mar-07,13.02
1257,2742,20-Mar-07,13.07
1258,2741,21-Mar-07,13.41
1259,2740,22-Mar-07,13.42
1260,2739,23-Mar-07,13.36
1261,2738,26-Mar-07,13.69
1262,2737,27-Mar-07,13.64
1263,2736,28-Mar-07,13.32
1264,2735,29-Mar-07,13.39
1265,2734,30-Mar-07,13.27
1266,2733,2-Apr-07,13.38
1267,2732,3-Apr-07,13.5
1268,2731,4-Apr-07,13.47
1269,2730,5-Apr-07,13.53
1270,2729,9-Apr-07,13.38
1271,2728,10-Apr-07,13.46
1272,2727,11-Apr-07,13.23
1273,2726,12-Apr-07,13.17
1274,2725,13-Apr-07,12.89
1275,2724,16-Apr-07,13.06
1276,2723,17-Apr-07,12.91
1277,2722,18-Apr-07,12.91
1278,2721,19-Apr-07,12.9
1279,2720,20-Apr-07,13.0
1280,2719,23-Apr-07,13.36
1281,2718,24-Apr-07,13.32
1282,2717,25-Apr-07,13.62
1283,2716,26-Apr-07,14.12
1284,2715,27-Apr-07,14.27
1285,2714,30-Apr-07,14.26
1286,2713,1-May-07,14.21
1287,2712,2-May-07,14.34
1288,2711,3-May-07,14.34
1289,2710,4-May-07,14.4
1290,2709,7-May-07,14.85
1291,2708,8-May-07,15.01
1292,2707,9-May-07,15.27
1293,2706,10-May-07,15.33
1294,2705,11-May-07,15.53
1295,2704,14-May-07,15.62
1296,2703,15-May-07,15.36
1297,2702,16-May-07,15.33
1298,2701,17-May-07,15.63
1299,2700,18-May-07,15.72
1300,2699,21-May-07,16.0
1301,2698,22-May-07,16.22
1302,2697,23-May-07,16.13
1303,2696,24-May-07,15.81
1304,2695,25-May-07,16.23
1305,2694,29-May-07,16.34
1306,2693,30-May-07,16.97
1307,2692,31-May-07,17.31
1308,2691,1-Jun-07,16.91
1309,2690,4-Jun-07,17.33
1310,2689,5-Jun-07,17.52
1311,2688,6-Jun-07,17.66
1312,2687,7-Jun-07,17.72
1313,2686,8-Jun-07,17.78
1314,2685,11-Jun-07,17.17
1315,2684,12-Jun-07,17.2
1316,2683,13-Jun-07,16.79
1317,2682,14-Jun-07,16.96
1318,2681,15-Jun-07,17.21
1319,2680,18-Jun-07,17.87
1320,2679,19-Jun-07,17.67
1321,2678,20-Jun-07,17.36
1322,2677,21-Jun-07,17.7
1323,2676,22-Jun-07,17.57
1324,2675,25-Jun-07,17.48
1325,2674,26-Jun-07,17.09
1326,2673,27-Jun-07,17.41
1327,2672,28-Jun-07,17.22
1328,2671,29-Jun-07,17.43
1329,2670,2-Jul-07,17.32
1330,2669,3-Jul-07,18.17
1331,2668,5-Jul-07,18.96
1332,2667,6-Jul-07,18.9
1333,2666,9-Jul-07,18.62
1334,2665,10-Jul-07,18.91
1335,2664,11-Jul-07,18.91
1336,2663,12-Jul-07,19.15
1337,2662,13-Jul-07,19.68
1338,2661,16-Jul-07,19.73
1339,2660,17-Jul-07,19.84
1340,2659,18-Jul-07,19.73
1341,2658,19-Jul-07,20.0
1342,2657,20-Jul-07,20.54
1343,2656,23-Jul-07,20.53
1344,2655,24-Jul-07,19.27
1345,2654,25-Jul-07,19.61
1346,2653,26-Jul-07,20.86
1347,2652,27-Jul-07,20.55
1348,2651,30-Jul-07,20.2
1349,2650,31-Jul-07,18.82
1350,2649,1-Aug-07,19.29
1351,2648,2-Aug-07,19.5
1352,2647,3-Aug-07,18.84
1353,2646,6-Aug-07,19.32
1354,2645,7-Aug-07,19.29
1355,2644,8-Aug-07,19.14
1356,2643,9-Aug-07,18.06
1357,2642,10-Aug-07,17.86
1358,2641,13-Aug-07,18.26
1359,2640,14-Aug-07,17.72
1360,2639,15-Aug-07,17.13
1361,2638,16-Aug-07,16.72
1362,2637,17-Aug-07,17.44
1363,2636,20-Aug-07,17.46
1364,2635,21-Aug-07,18.22
1365,2634,22-Aug-07,18.93
1366,2633,23-Aug-07,18.72
1367,2632,24-Aug-07,19.33
1368,2631,27-Aug-07,18.89
1369,2630,28-Aug-07,18.12
1370,2629,29-Aug-07,19.15
1371,2628,30-Aug-07,19.46
1372,2627,31-Aug-07,19.78
1373,2626,4-Sep-07,20.59
1374,2625,5-Sep-07,19.54
1375,2624,6-Sep-07,19.29
1376,2623,7-Sep-07,18.82
1377,2622,10-Sep-07,19.53
1378,2621,11-Sep-07,19.36
1379,2620,12-Sep-07,19.55
1380,2619,13-Sep-07,19.6
1381,2618,14-Sep-07,19.83
1382,2617,17-Sep-07,19.77
1383,2616,18-Sep-07,20.13
1384,2615,19-Sep-07,20.11
1385,2614,20-Sep-07,20.04
1386,2613,21-Sep-07,20.59
1387,2612,24-Sep-07,21.18
1388,2611,25-Sep-07,21.88
1389,2610,26-Sep-07,21.82
1390,2609,27-Sep-07,22.07
1391,2608,28-Sep-07,21.92
1392,2607,1-Oct-07,22.33
1393,2606,2-Oct-07,22.64
1394,2605,3-Oct-07,22.56
1395,2604,4-Oct-07,22.32
1396,2603,5-Oct-07,23.06
1397,2602,8-Oct-07,23.99
1398,2601,9-Oct-07,23.98
1399,2600,10-Oct-07,23.83
1400,2599,11-Oct-07,23.18
1401,2598,12-Oct-07,23.89
1402,2597,15-Oct-07,23.85
1403,2596,16-Oct-07,24.23
1404,2595,17-Oct-07,24.68
1405,2594,18-Oct-07,24.79
1406,2593,19-Oct-07,24.35
1407,2592,22-Oct-07,24.91
1408,2591,23-Oct-07,26.59
1409,2590,24-Oct-07,26.56
1410,2589,25-Oct-07,26.11
1411,2588,26-Oct-07,26.39
1412,2587,29-Oct-07,26.44
1413,2586,30-Oct-07,26.71
1414,2585,31-Oct-07,27.14
1415,2584,1-Nov-07,26.78
1416,2583,2-Nov-07,26.84
1417,2582,5-Nov-07,26.6
1418,2581,6-Nov-07,27.4
1419,2580,7-Nov-07,26.61
1420,2579,8-Nov-07,25.07
1421,2578,9-Nov-07,23.62
1422,2577,12-Nov-07,21.97
1423,2576,13-Nov-07,24.28
1424,2575,14-Nov-07,23.73
1425,2574,15-Nov-07,23.47
1426,2573,16-Nov-07,23.77
1427,2572,19-Nov-07,23.42
1428,2571,20-Nov-07,24.12
1429,2570,21-Nov-07,24.07
1430,2569,23-Nov-07,24.51
1431,2568,26-Nov-07,24.65
1432,2567,27-Nov-07,24.97
1433,2566,28-Nov-07,25.75
1434,2565,29-Nov-07,26.33
1435,2564,30-Nov-07,26.03
1436,2563,3-Dec-07,25.55
1437,2562,4-Dec-07,25.69
1438,2561,5-Dec-07,26.5
1439,2560,6-Dec-07,27.14
1440,2559,7-Dec-07,27.76
1441,2558,10-Dec-07,27.74
1442,2557,11-Dec-07,26.93
1443,2556,12-Dec-07,27.27
1444,2555,13-Dec-07,27.4
1445,2554,14-Dec-07,27.2
1446,2553,17-Dec-07,26.34
1447,2552,18-Dec-07,26.14
1448,2551,19-Dec-07,26.16
1449,2550,20-Dec-07,26.74
1450,2549,21-Dec-07,27.7
1451,2548,24-Dec-07,28.4
1452,2547,26-Dec-07,28.42
1453,2546,27-Dec-07,28.37
1454,2545,28-Dec-07,28.55
1455,2544,31-Dec-07,28.3
1456,2543,2-Jan-08,27.83
1457,2542,3-Jan-08,27.85
1458,2541,4-Jan-08,25.72
1459,2540,7-Jan-08,25.38
1460,2539,8-Jan-08,24.46
1461,2538,9-Jan-08,25.6
1462,2537,10-Jan-08,25.43
1463,2536,11-Jan-08,24.67
1464,2535,14-Jan-08,25.54
1465,2534,15-Jan-08,24.15
1466,2533,16-Jan-08,22.81
1467,2532,17-Jan-08,22.98
1468,2531,18-Jan-08,23.05
1469,2530,22-Jan-08,22.23
1470,2529,23-Jan-08,19.87
1471,2528,24-Jan-08,19.37
1472,2527,25-Jan-08,18.57
1473,2526,28-Jan-08,18.57
1474,2525,29-Jan-08,18.79
1475,2524,30-Jan-08,18.88
1476,2523,31-Jan-08,19.34
1477,2522,1-Feb-08,19.11
1478,2521,4-Feb-08,18.81
1479,2520,5-Feb-08,18.48
1480,2519,6-Feb-08,17.43
1481,2518,7-Feb-08,17.32
1482,2517,8-Feb-08,17.93
1483,2516,11-Feb-08,18.49
1484,2515,12-Feb-08,17.84
1485,2514,13-Feb-08,18.49
1486,2513,14-Feb-08,18.21
1487,2512,15-Feb-08,17.8
1488,2511,19-Feb-08,17.45
1489,2510,20-Feb-08,17.69
1490,2509,21-Feb-08,17.36
1491,2508,22-Feb-08,17.07
1492,2507,25-Feb-08,17.11
1493,2506,26-Feb-08,17.02
1494,2505,27-Feb-08,17.57
1495,2504,28-Feb-08,18.56
1496,2503,29-Feb-08,17.86
1497,2502,3-Mar-08,17.39
1498,2501,4-Mar-08,17.8
1499,2500,5-Mar-08,17.78
1500,2499,6-Mar-08,17.28
1501,2498,7-Mar-08,17.46
1502,2497,10-Mar-08,17.1
1503,2496,11-Mar-08,18.19
1504,2495,12-Mar-08,18.0
1505,2494,13-Mar-08,18.28
1506,2493,14-Mar-08,18.09
1507,2492,17-Mar-08,18.1
1508,2491,18-Mar-08,18.97
1509,2490,19-Mar-08,18.52
1510,2489,20-Mar-08,19.04
1511,2488,24-Mar-08,19.93
1512,2487,25-Mar-08,20.14
1513,2486,26-Mar-08,20.72
1514,2485,27-Mar-08,20.04
1515,2484,28-Mar-08,20.43
1516,2483,31-Mar-08,20.5
1517,2482,1-Apr-08,21.36
1518,2481,2-Apr-08,21.07
1519,2480,3-Apr-08,21.66
1520,2479,4-Apr-08,21.87
1521,2478,7-Apr-08,22.27
1522,2477,8-Apr-08,21.83
1523,2476,9-Apr-08,21.63
1524,2475,10-Apr-08,22.08
1525,2474,11-Apr-08,21.02
1526,2473,14-Apr-08,21.11
1527,2472,15-Apr-08,21.2
1528,2471,16-Apr-08,21.96
1529,2470,17-Apr-08,22.07
1530,2469,18-Apr-08,23.01
1531,2468,21-Apr-08,24.02
1532,2467,22-Apr-08,22.89
1533,2466,23-Apr-08,23.27
1534,2465,24-Apr-08,24.13
1535,2464,25-Apr-08,24.25
1536,2463,28-Apr-08,24.61
1537,2462,29-Apr-08,25.01
1538,2461,30-Apr-08,24.85
1539,2460,1-May-08,25.71
1540,2459,2-May-08,25.85
1541,2458,5-May-08,26.39
1542,2457,6-May-08,26.67
1543,2456,7-May-08,26.08
1544,2455,8-May-08,26.44
1545,2454,9-May-08,26.21
1546,2453,12-May-08,26.88
1547,2452,13-May-08,27.14
1548,2451,14-May-08,26.61
1549,2450,15-May-08,27.1
1550,2449,16-May-08,26.8
1551,2448,19-May-08,26.23
1552,2447,20-May-08,26.56
1553,2446,21-May-08,25.46
1554,2445,22-May-08,25.29
1555,2444,23-May-08,25.88
1556,2443,27-May-08,26.63
1557,2442,28-May-08,26.72
1558,2441,29-May-08,26.67
1559,2440,30-May-08,26.96
1560,2439,2-Jun-08,26.59
1561,2438,3-Jun-08,26.48
1562,2437,4-Jun-08,26.46
1563,2436,5-Jun-08,27.06
1564,2435,6-Jun-08,26.52
1565,2434,9-Jun-08,25.94
1566,2433,10-Jun-08,26.52
1567,2432,11-Jun-08,25.83
1568,2431,12-Jun-08,24.75
1569,2430,13-Jun-08,24.62
1570,2429,16-Jun-08,25.26
1571,2428,17-Jun-08,25.92
1572,2427,18-Jun-08,25.54
1573,2426,19-Jun-08,25.84
1574,2425,20-Jun-08,25.04
1575,2424,23-Jun-08,24.74
1576,2423,24-Jun-08,24.75
1577,2422,25-Jun-08,25.34
1578,2421,26-Jun-08,24.04
1579,2420,27-Jun-08,24.3
1580,2419,30-Jun-08,23.92
1581,2418,1-Jul-08,24.95
1582,2417,2-Jul-08,24.03
1583,2416,3-Jul-08,24.3
1584,2415,7-Jul-08,25.02
1585,2414,8-Jul-08,25.65
1586,2413,9-Jul-08,24.89
1587,2412,10-Jul-08,25.23
1588,2411,11-Jul-08,24.65
1589,2410,14-Jul-08,24.84
1590,2409,15-Jul-08,24.23
1591,2408,16-Jul-08,24.69
1592,2407,17-Jul-08,24.54
1593,2406,18-Jul-08,23.59
1594,2405,21-Jul-08,23.76
1595,2404,22-Jul-08,23.15
1596,2403,23-Jul-08,23.75
1597,2402,24-Jul-08,22.72
1598,2401,25-Jul-08,23.16
1599,2400,28-Jul-08,22.06
1600,2399,29-Jul-08,22.44
1601,2398,30-Jul-08,22.84
1602,2397,31-Jul-08,22.71
1603,2396,1-Aug-08,22.38
1604,2395,4-Aug-08,21.89
1605,2394,5-Aug-08,22.95
1606,2393,6-Aug-08,23.46
1607,2392,7-Aug-08,23.37
1608,2391,8-Aug-08,24.22
1609,2390,11-Aug-08,24.79
1610,2389,12-Aug-08,25.25
1611,2388,13-Aug-08,25.61
1612,2387,14-Aug-08,25.62
1613,2386,15-Aug-08,25.11
1614,2385,18-Aug-08,25.06
1615,2384,19-Aug-08,24.79
1616,2383,20-Aug-08,25.12
1617,2382,21-Aug-08,24.9
1618,2381,22-Aug-08,25.26
1619,2380,25-Aug-08,24.65
1620,2379,26-Aug-08,24.81
1621,2378,27-Aug-08,24.95
1622,2377,28-Aug-08,24.82
1623,2376,29-Aug-08,24.22
1624,2375,2-Sep-08,23.74
1625,2374,3-Sep-08,23.85
1626,2373,4-Sep-08,23.03
1627,2372,5-Sep-08,22.88
1628,2371,8-Sep-08,22.56
1629,2370,9-Sep-08,21.67
1630,2369,10-Sep-08,21.66
1631,2368,11-Sep-08,21.81
1632,2367,12-Sep-08,21.28
1633,2366,15-Sep-08,20.05
1634,2365,16-Sep-08,19.98
1635,2364,17-Sep-08,18.26
1636,2363,18-Sep-08,19.16
1637,2362,19-Sep-08,20.13
1638,2361,22-Sep-08,18.72
1639,2360,23-Sep-08,18.12
1640,2359,24-Sep-08,18.39
1641,2358,25-Sep-08,18.85
1642,2357,26-Sep-08,18.32
1643,2356,29-Sep-08,15.04
1644,2355,30-Sep-08,16.24
1645,2354,1-Oct-08,15.59
1646,2353,2-Oct-08,14.3
1647,2352,3-Oct-08,13.87
1648,2351,6-Oct-08,14.02
1649,2350,7-Oct-08,12.74
1650,2349,8-Oct-08,12.83
1651,2348,9-Oct-08,12.68
1652,2347,10-Oct-08,13.8
1653,2346,13-Oct-08,15.75
1654,2345,14-Oct-08,14.87
1655,2344,15-Oct-08,13.99
1656,2343,16-Oct-08,14.56
1657,2342,17-Oct-08,13.91
1658,2341,20-Oct-08,14.06
1659,2340,21-Oct-08,13.07
1660,2339,22-Oct-08,13.84
1661,2338,23-Oct-08,14.03
1662,2337,24-Oct-08,13.77
1663,2336,27-Oct-08,13.16
1664,2335,28-Oct-08,14.27
1665,2334,29-Oct-08,14.94
1666,2333,30-Oct-08,15.86
1667,2332,31-Oct-08,15.37
1668,2331,3-Nov-08,15.28
1669,2330,4-Nov-08,15.86
1670,2329,5-Nov-08,14.76
1671,2328,6-Nov-08,14.16
1672,2327,7-Nov-08,14.03
1673,2326,10-Nov-08,13.7
1674,2325,11-Nov-08,13.54
1675,2324,12-Nov-08,12.87
1676,2323,13-Nov-08,13.78
1677,2322,14-Nov-08,12.89
1678,2321,17-Nov-08,12.59
1679,2320,18-Nov-08,12.84
1680,2319,19-Nov-08,12.33
1681,2318,20-Nov-08,11.5
1682,2317,21-Nov-08,11.8
1683,2316,24-Nov-08,13.28
1684,2315,25-Nov-08,12.97
1685,2314,26-Nov-08,13.57
1686,2313,28-Nov-08,13.24
1687,2312,1-Dec-08,12.7
1688,2311,2-Dec-08,13.21
1689,2310,3-Dec-08,13.7
1690,2309,4-Dec-08,13.06
1691,2308,5-Dec-08,13.43
1692,2307,8-Dec-08,14.25
1693,2306,9-Dec-08,14.29
1694,2305,10-Dec-08,14.03
1695,2304,11-Dec-08,13.57
1696,2303,12-Dec-08,14.04
1697,2302,15-Dec-08,13.54
1698,2301,16-Dec-08,13.63
1699,2300,17-Dec-08,12.74
1700,2299,18-Dec-08,12.78
1701,2298,19-Dec-08,12.86
1702,2297,22-Dec-08,12.25
1703,2296,23-Dec-08,12.34
1704,2295,24-Dec-08,12.15
1705,2294,26-Dec-08,12.26
1706,2293,29-Dec-08,12.37
1707,2292,30-Dec-08,12.33
1708,2291,31-Dec-08,12.19
1709,2290,2-Jan-09,12.96
1710,2289,5-Jan-09,13.51
1711,2288,6-Jan-09,13.29
1712,2287,7-Jan-09,13.0
1713,2286,8-Jan-09,13.24
1714,2285,9-Jan-09,12.94
1715,2284,12-Jan-09,12.67
1716,2283,13-Jan-09,12.53
1717,2282,14-Jan-09,12.19
1718,2281,15-Jan-09,11.91
1719,2280,16-Jan-09,11.76
1720,2279,20-Jan-09,11.17
1721,2278,21-Jan-09,11.83
1722,2277,22-Jan-09,12.62
1723,2276,23-Jan-09,12.62
1724,2275,26-Jan-09,12.81
1725,2274,27-Jan-09,12.96
1726,2273,28-Jan-09,13.46
1727,2272,29-Jan-09,13.29
1728,2271,30-Jan-09,12.88
1729,2270,2-Feb-09,13.07
1730,2269,3-Feb-09,13.28
1731,2268,4-Feb-09,13.36
1732,2267,5-Feb-09,13.78
1733,2266,6-Feb-09,14.25
1734,2265,9-Feb-09,14.64
1735,2264,10-Feb-09,13.98
1736,2263,11-Feb-09,13.83
1737,2262,12-Feb-09,14.18
1738,2261,13-Feb-09,14.17
1739,2260,17-Feb-09,13.5
1740,2259,18-Feb-09,13.48
1741,2258,19-Feb-09,12.95
1742,2257,20-Feb-09,13.0
1743,2256,23-Feb-09,12.42
1744,2255,24-Feb-09,12.89
1745,2254,25-Feb-09,13.02
1746,2253,26-Feb-09,12.74
1747,2252,27-Feb-09,12.76
1748,2251,2-Mar-09,12.56
1749,2250,3-Mar-09,12.62
1750,2249,4-Mar-09,13.02
1751,2248,5-Mar-09,12.69
1752,2247,6-Mar-09,12.19
1753,2246,9-Mar-09,11.87
1754,2245,10-Mar-09,12.66
1755,2244,11-Mar-09,13.24
1756,2243,12-Mar-09,13.76
1757,2242,13-Mar-09,13.7
1758,2241,16-Mar-09,13.63
1759,2240,17-Mar-09,14.24
1760,2239,18-Mar-09,14.5
1761,2238,19-Mar-09,14.52
1762,2237,20-Mar-09,14.51
1763,2236,23-Mar-09,15.38
1764,2235,24-Mar-09,15.21
1765,2234,25-Mar-09,15.21
1766,2233,26-Mar-09,15.7
1767,2232,27-Mar-09,15.26
1768,2231,30-Mar-09,14.93
1769,2230,31-Mar-09,15.02
1770,2229,1-Apr-09,15.53
1771,2228,2-Apr-09,16.1
1772,2227,3-Apr-09,16.57
1773,2226,6-Apr-09,16.92
1774,2225,7-Apr-09,16.43
1775,2224,8-Apr-09,16.62
1776,2223,9-Apr-09,17.08
1777,2222,13-Apr-09,17.17
1778,2221,14-Apr-09,16.9
1779,2220,15-Apr-09,16.81
1780,2219,16-Apr-09,17.35
1781,2218,17-Apr-09,17.63
1782,2217,20-Apr-09,17.21
1783,2216,21-Apr-09,17.39
1784,2215,22-Apr-09,17.36
1785,2214,23-Apr-09,17.91
1786,2213,24-Apr-09,17.7
1787,2212,27-Apr-09,17.82
1788,2211,28-Apr-09,17.7
1789,2210,29-Apr-09,17.88
1790,2209,30-Apr-09,17.98
1791,2208,1-May-09,18.18
1792,2207,4-May-09,18.87
1793,2206,5-May-09,18.96
1794,2205,6-May-09,18.93
1795,2204,7-May-09,18.44
1796,2203,8-May-09,18.46
1797,2202,11-May-09,18.51
1798,2201,12-May-09,17.77
1799,2200,13-May-09,17.07
1800,2199,14-May-09,17.56
1801,2198,15-May-09,17.49
1802,2197,18-May-09,18.09
1803,2196,19-May-09,18.21
1804,2195,20-May-09,17.98
1805,2194,21-May-09,17.74
1806,2193,22-May-09,17.5
1807,2192,26-May-09,18.68
1808,2191,27-May-09,19.01
1809,2190,28-May-09,19.3
1810,2189,29-May-09,19.4
1811,2188,1-Jun-09,19.91
1812,2187,2-Jun-09,19.93
1813,2186,3-Jun-09,20.14
1814,2185,4-Jun-09,20.53
1815,2184,5-Jun-09,20.67
1816,2183,8-Jun-09,20.55
1817,2182,9-Jun-09,20.39
1818,2181,10-Jun-09,20.04
1819,2180,11-Jun-09,19.99
1820,2179,12-Jun-09,19.57
1821,2178,15-Jun-09,19.44
1822,2177,16-Jun-09,19.48
1823,2176,17-Jun-09,19.37
1824,2175,18-Jun-09,19.41
1825,2174,19-Jun-09,19.93
1826,2173,22-Jun-09,19.62
1827,2172,23-Jun-09,19.14
1828,2171,24-Jun-09,19.46
1829,2170,25-Jun-09,19.98
1830,2169,26-Jun-09,20.35
1831,2168,29-Jun-09,20.28
1832,2167,30-Jun-09,20.35
1833,2166,1-Jul-09,20.4
1834,2165,2-Jul-09,20.0
1835,2164,6-Jul-09,19.8
1836,2163,7-Jul-09,19.34
1837,2162,8-Jul-09,19.6
1838,2161,9-Jul-09,19.48
1839,2160,10-Jul-09,19.79
1840,2159,13-Jul-09,20.33
1841,2158,14-Jul-09,20.32
1842,2157,15-Jul-09,20.98
1843,2156,16-Jul-09,21.07
1844,2155,17-Jul-09,21.68
1845,2154,20-Jul-09,21.84
1846,2153,21-Jul-09,21.64
1847,2152,22-Jul-09,22.39
1848,2151,23-Jul-09,22.55
1849,2150,24-Jul-09,22.86
1850,2149,27-Jul-09,22.87
1851,2148,28-Jul-09,22.86
1852,2147,29-Jul-09,22.86
1853,2146,30-Jul-09,23.26
1854,2145,31-Jul-09,23.34
1855,2144,3-Aug-09,23.78
1856,2143,4-Aug-09,23.65
1857,2142,5-Aug-09,23.59
1858,2141,6-Aug-09,23.42
1859,2140,7-Aug-09,23.64
1860,2139,10-Aug-09,23.53
1861,2138,11-Aug-09,23.26
1862,2137,12-Aug-09,23.62
1863,2136,13-Aug-09,24.06
1864,2135,14-Aug-09,23.83
1865,2134,17-Aug-09,22.8
1866,2133,18-Aug-09,23.43
1867,2132,19-Aug-09,23.51
1868,2131,20-Aug-09,23.76
1869,2130,21-Aug-09,24.17
1870,2129,24-Aug-09,24.15
1871,2128,25-Aug-09,24.2
1872,2127,26-Aug-09,23.92
1873,2126,27-Aug-09,24.21
1874,2125,28-Aug-09,24.29
1875,2124,31-Aug-09,24.03
1876,2123,1-Sep-09,23.61
1877,2122,2-Sep-09,23.6
1878,2121,3-Sep-09,23.79
1879,2120,4-Sep-09,24.33
1880,2119,8-Sep-09,24.7
1881,2118,9-Sep-09,24.45
1882,2117,10-Sep-09,24.65
1883,2116,11-Sep-09,24.59
1884,2115,14-Sep-09,24.82
1885,2114,15-Sep-09,25.02
1886,2113,16-Sep-09,25.98
1887,2112,17-Sep-09,26.36
1888,2111,18-Sep-09,26.43
1889,2110,21-Sep-09,26.29
1890,2109,22-Sep-09,26.35
1891,2108,23-Sep-09,26.5
1892,2107,24-Sep-09,26.26
1893,2106,25-Sep-09,26.05
1894,2105,28-Sep-09,26.59
1895,2104,29-Sep-09,26.48
1896,2103,30-Sep-09,26.48
1897,2102,1-Oct-09,25.84
1898,2101,2-Oct-09,26.41
1899,2100,5-Oct-09,26.57
1900,2099,6-Oct-09,27.14
1901,2098,7-Oct-09,27.18
1902,2097,8-Oct-09,27.04
1903,2096,9-Oct-09,27.21
1904,2095,12-Oct-09,27.26
1905,2094,13-Oct-09,27.15
1906,2093,14-Oct-09,27.33
1907,2092,15-Oct-09,27.22
1908,2091,16-Oct-09,26.86
1909,2090,19-Oct-09,27.12
1910,2089,20-Oct-09,28.39
1911,2088,21-Oct-09,29.27
1912,2087,22-Oct-09,29.31
1913,2086,23-Oct-09,29.13
1914,2085,26-Oct-09,28.93
1915,2084,27-Oct-09,28.2
1916,2083,28-Oct-09,27.49
1917,2082,29-Oct-09,28.05
1918,2081,30-Oct-09,26.93
1919,2080,2-Nov-09,27.04
1920,2079,3-Nov-09,26.96
1921,2078,4-Nov-09,27.26
1922,2077,5-Nov-09,27.72
1923,2076,6-Nov-09,27.76
1924,2075,9-Nov-09,28.78
1925,2074,10-Nov-09,29.0
1926,2073,11-Nov-09,29.04
1927,2072,12-Nov-09,28.86
1928,2071,13-Nov-09,29.21
1929,2070,16-Nov-09,29.52
1930,2069,17-Nov-09,29.57
1931,2068,18-Nov-09,29.42
1932,2067,19-Nov-09,28.64
1933,2066,20-Nov-09,28.56
1934,2065,23-Nov-09,29.41
1935,2064,24-Nov-09,29.21
1936,2063,25-Nov-09,29.17
1937,2062,27-Nov-09,28.66
1938,2061,30-Nov-09,28.56
1939,2060,1-Dec-09,28.14
1940,2059,2-Dec-09,28.03
1941,2058,3-Dec-09,28.07
1942,2057,4-Dec-09,27.62
1943,2056,7-Dec-09,26.99
1944,2055,8-Dec-09,27.12
1945,2054,9-Dec-09,28.26
1946,2053,10-Dec-09,28.06
1947,2052,11-Dec-09,27.81
1948,2051,14-Dec-09,28.14
1949,2050,15-Dec-09,27.74
1950,2049,16-Dec-09,27.86
1951,2048,17-Dec-09,27.41
1952,2047,18-Dec-09,27.92
1953,2046,21-Dec-09,28.32
1954,2045,22-Dec-09,28.62
1955,2044,23-Dec-09,28.87
1956,2043,24-Dec-09,29.86
1957,2042,28-Dec-09,30.23
1958,2041,29-Dec-09,29.87
1959,2040,30-Dec-09,30.23
1960,2039,31-Dec-09,30.1
1961,2038,4-Jan-10,30.57
1962,2037,5-Jan-10,30.63
1963,2036,6-Jan-10,30.14
1964,2035,7-Jan-10,30.08
1965,2034,8-Jan-10,30.28
1966,2033,11-Jan-10,30.02
1967,2032,12-Jan-10,29.67
1968,2031,13-Jan-10,30.09
1969,2030,14-Jan-10,29.92
1970,2029,15-Jan-10,29.42
1971,2028,19-Jan-10,30.72
1972,2027,20-Jan-10,30.25
1973,2026,21-Jan-10,29.72
1974,2025,22-Jan-10,28.25
1975,2024,25-Jan-10,29.01
1976,2023,26-Jan-10,29.42
1977,2022,27-Jan-10,29.7
1978,2021,28-Jan-10,28.47
1979,2020,29-Jan-10,27.44
1980,2019,1-Feb-10,27.82
1981,2018,2-Feb-10,27.98
1982,2017,3-Feb-10,28.46
1983,2016,4-Feb-10,27.44
1984,2015,5-Feb-10,27.92
1985,2014,8-Feb-10,27.73
1986,2013,9-Feb-10,28.03
1987,2012,10-Feb-10,27.87
1988,2011,11-Feb-10,28.38
1989,2010,12-Feb-10,28.63
1990,2009,16-Feb-10,29.06
1991,2008,17-Feb-10,28.94
1992,2007,18-Feb-10,28.99
1993,2006,19-Feb-10,28.81
1994,2005,22-Feb-10,28.63
1995,2004,23-Feb-10,28.15
1996,2003,24-Feb-10,28.66
1997,2002,25-Feb-10,28.86
1998,2001,26-Feb-10,29.23
1999,2000,1-Mar-10,29.86
2000,1999,2-Mar-10,29.84
2001,1998,3-Mar-10,29.9
2002,1997,4-Mar-10,30.1
2003,1996,5-Mar-10,31.28
2004,1995,8-Mar-10,31.3
2005,1994,9-Mar-10,31.86
2006,1993,10-Mar-10,32.12
2007,1992,11-Mar-10,32.21
2008,1991,12-Mar-10,32.37
2009,1990,15-Mar-10,31.98
2010,1989,16-Mar-10,32.06
2011,1988,17-Mar-10,32.02
2012,1987,18-Mar-10,32.09
2013,1986,19-Mar-10,31.75
2014,1985,22-Mar-10,32.11
2015,1984,23-Mar-10,32.62
2016,1983,24-Mar-10,32.77
2017,1982,25-Mar-10,32.38
2018,1981,26-Mar-10,32.99
2019,1980,29-Mar-10,33.2
2020,1979,30-Mar-10,33.69
2021,1978,31-Mar-10,33.57
2022,1977,5-Apr-10,34.07
2023,1976,6-Apr-10,34.22
2024,1975,7-Apr-10,34.37
2025,1974,8-Apr-10,34.28
2026,1973,9-Apr-10,34.54
2027,1972,12-Apr-10,34.61
2028,1971,13-Apr-10,34.63
2029,1970,14-Apr-10,35.1
2030,1969,15-Apr-10,35.56
2031,1968,16-Apr-10,35.34
2032,1967,19-Apr-10,35.3
2033,1966,20-Apr-10,34.94
2034,1965,21-Apr-10,37.03
2035,1964,22-Apr-10,38.07
2036,1963,23-Apr-10,38.69
2037,1962,26-Apr-10,38.5
2038,1961,27-Apr-10,37.43
2039,1960,28-Apr-10,37.37
2040,1959,29-Apr-10,38.38
2041,1958,30-Apr-10,37.3
2042,1957,3-May-10,38.05
2043,1956,4-May-10,36.95
2044,1955,5-May-10,36.57
2045,1954,6-May-10,35.18
2046,1953,7-May-10,33.69
2047,1952,10-May-10,36.28
2048,1951,11-May-10,36.65
2049,1950,12-May-10,37.44
2050,1949,13-May-10,36.91
2051,1948,14-May-10,36.26
2052,1947,17-May-10,36.32
2053,1946,18-May-10,36.05
2054,1945,19-May-10,35.48
2055,1944,20-May-10,33.97
2056,1943,21-May-10,34.62
2057,1942,24-May-10,35.25
2058,1941,25-May-10,35.03
2059,1940,26-May-10,34.87
2060,1939,27-May-10,36.19
2061,1938,28-May-10,36.7
2062,1937,1-Jun-10,37.26
2063,1936,2-Jun-10,37.71
2064,1935,3-Jun-10,37.59
2065,1934,4-Jun-10,36.57
2066,1933,7-Jun-10,35.85
2067,1932,8-Jun-10,35.62
2068,1931,9-Jun-10,34.74
2069,1930,10-Jun-10,35.79
2070,1929,11-Jun-10,36.22
2071,1928,14-Jun-10,36.33
2072,1927,15-Jun-10,37.1
2073,1926,16-Jun-10,38.18
2074,1925,17-Jun-10,38.84
2075,1924,18-Jun-10,39.15
2076,1923,21-Jun-10,38.6
2077,1922,22-Jun-10,39.12
2078,1921,23-Jun-10,38.71
2079,1920,24-Jun-10,38.43
2080,1919,25-Jun-10,38.1
2081,1918,28-Jun-10,38.33
2082,1917,29-Jun-10,36.6
2083,1916,30-Jun-10,35.93
2084,1915,1-Jul-10,35.5
2085,1914,2-Jul-10,35.28
2086,1913,6-Jul-10,35.52
2087,1912,7-Jul-10,36.95
2088,1911,8-Jul-10,36.87
2089,1910,9-Jul-10,37.09
2090,1909,12-Jul-10,36.76
2091,1908,13-Jul-10,35.97
2092,1907,14-Jul-10,36.1
2093,1906,15-Jul-10,35.92
2094,1905,16-Jul-10,35.7
2095,1904,19-Jul-10,35.08
2096,1903,20-Jul-10,35.98
2097,1902,21-Jul-10,36.32
2098,1901,22-Jul-10,37.0
2099,1900,23-Jul-10,37.13
2100,1899,26-Jul-10,37.04
2101,1898,27-Jul-10,37.73
2102,1897,28-Jul-10,37.28
2103,1896,29-Jul-10,36.87
2104,1895,30-Jul-10,36.75
2105,1894,2-Aug-10,37.41
2106,1893,3-Aug-10,37.42
2107,1892,4-Aug-10,37.57
2108,1891,5-Aug-10,37.39
2109,1890,6-Aug-10,37.16
2110,1889,9-Aug-10,37.39
2111,1888,10-Aug-10,37.06
2112,1887,11-Aug-10,35.74
2113,1886,12-Aug-10,35.97
2114,1885,13-Aug-10,35.59
2115,1884,16-Aug-10,35.38
2116,1883,17-Aug-10,36.0
2117,1882,18-Aug-10,36.15
2118,1881,19-Aug-10,35.7
2119,1880,20-Aug-10,35.66
2120,1879,23-Aug-10,35.11
2121,1878,24-Aug-10,34.28
2122,1877,25-Aug-10,34.7
2123,1876,26-Aug-10,34.33
2124,1875,27-Aug-10,34.52
2125,1874,30-Aug-10,34.64
2126,1873,31-Aug-10,34.73
2127,1872,1-Sep-10,35.76
2128,1871,2-Sep-10,36.02
2129,1870,3-Sep-10,36.97
2130,1869,7-Sep-10,36.83
2131,1868,8-Sep-10,37.56
2132,1867,9-Sep-10,37.58
2133,1866,10-Sep-10,37.63
2134,1865,13-Sep-10,38.15
2135,1864,14-Sep-10,38.29
2136,1863,15-Sep-10,38.6
2137,1862,16-Sep-10,39.51
2138,1861,17-Sep-10,39.34
2139,1860,20-Sep-10,40.46
2140,1859,21-Sep-10,40.54
2141,1858,22-Sep-10,41.11
2142,1857,23-Sep-10,41.27
2143,1856,24-Sep-10,41.76
2144,1855,27-Sep-10,41.6
2145,1854,28-Sep-10,40.98
2146,1853,29-Sep-10,41.05
2147,1852,30-Sep-10,40.54
2148,1851,1-Oct-10,40.36
2149,1850,4-Oct-10,39.81
2150,1849,5-Oct-10,41.28
2151,1848,6-Oct-10,41.31
2152,1847,7-Oct-10,41.32
2153,1846,8-Oct-10,42.01
2154,1845,11-Oct-10,42.19
2155,1844,12-Oct-10,42.65
2156,1843,13-Oct-10,42.88
2157,1842,14-Oct-10,43.19
2158,1841,15-Oct-10,44.96
2159,1840,18-Oct-10,45.43
2160,1839,19-Oct-10,44.21
2161,1838,20-Oct-10,44.36
2162,1837,21-Oct-10,44.22
2163,1836,22-Oct-10,43.92
2164,1835,25-Oct-10,44.12
2165,1834,26-Oct-10,44.01
2166,1833,27-Oct-10,43.98
2167,1832,28-Oct-10,43.61
2168,1831,29-Oct-10,43.0
2169,1830,1-Nov-10,43.45
2170,1829,2-Nov-10,44.19
2171,1828,3-Nov-10,44.69
2172,1827,4-Nov-10,45.47
2173,1826,5-Nov-10,45.3
2174,1825,8-Nov-10,45.52
2175,1824,9-Nov-10,45.15
2176,1823,10-Nov-10,45.43
2177,1822,11-Nov-10,45.24
2178,1821,12-Nov-10,44.0
2179,1820,15-Nov-10,43.86
2180,1819,16-Nov-10,43.08
2181,1818,17-Nov-10,42.93
2182,1817,18-Nov-10,44.06
2183,1816,19-Nov-10,43.82
2184,1815,22-Nov-10,44.77
2185,1814,23-Nov-10,44.1
2186,1813,24-Nov-10,44.97
2187,1812,26-Nov-10,45.0
2188,1811,29-Nov-10,45.27
2189,1810,30-Nov-10,44.45
2190,1809,1-Dec-10,45.2
2191,1808,2-Dec-10,45.45
2192,1807,3-Dec-10,45.35
2193,1806,6-Dec-10,45.74
2194,1805,7-Dec-10,45.46
2195,1804,8-Dec-10,45.86
2196,1803,9-Dec-10,45.68
2197,1802,10-Dec-10,45.79
2198,1801,13-Dec-10,45.95
2199,1800,14-Dec-10,45.76
2200,1799,15-Dec-10,45.77
2201,1798,16-Dec-10,45.89
2202,1797,17-Dec-10,45.8
2203,1796,20-Dec-10,46.03
2204,1795,21-Dec-10,46.32
2205,1794,22-Dec-10,46.45
2206,1793,23-Dec-10,46.23
2207,1792,27-Dec-10,46.38
2208,1791,28-Dec-10,46.5
2209,1790,29-Dec-10,46.47
2210,1789,30-Dec-10,46.24
2211,1788,31-Dec-10,46.08
2212,1787,3-Jan-11,47.08
2213,1786,4-Jan-11,47.33
2214,1785,5-Jan-11,47.71
2215,1784,6-Jan-11,47.68
2216,1783,7-Jan-11,48.02
2217,1782,10-Jan-11,48.92
2218,1781,11-Jan-11,48.81
2219,1780,12-Jan-11,49.2
2220,1779,13-Jan-11,49.38
2221,1778,14-Jan-11,49.78
2222,1777,18-Jan-11,48.66
2223,1776,19-Jan-11,48.41
2224,1775,20-Jan-11,47.53
2225,1774,21-Jan-11,46.67
2226,1773,24-Jan-11,48.21
2227,1772,25-Jan-11,48.77
2228,1771,26-Jan-11,49.12
2229,1770,27-Jan-11,49.03
2230,1769,28-Jan-11,48.01
2231,1768,31-Jan-11,48.47
2232,1767,1-Feb-11,49.29
2233,1766,2-Feb-11,49.19
2234,1765,3-Feb-11,49.06
2235,1764,4-Feb-11,49.5
2236,1763,7-Feb-11,50.27
2237,1762,8-Feb-11,50.74
2238,1761,9-Feb-11,51.17
2239,1760,10-Feb-11,50.65
2240,1759,11-Feb-11,50.98
2241,1758,14-Feb-11,51.31
2242,1757,15-Feb-11,51.41
2243,1756,16-Feb-11,51.88
2244,1755,17-Feb-11,51.19
2245,1754,18-Feb-11,50.08
2246,1753,22-Feb-11,48.37
2247,1752,23-Feb-11,48.95
2248,1751,24-Feb-11,48.98
2249,1750,25-Feb-11,49.74
2250,1749,28-Feb-11,50.46
2251,1748,1-Mar-11,49.9
2252,1747,2-Mar-11,50.3
2253,1746,3-Mar-11,51.37
2254,1745,4-Mar-11,51.43
2255,1744,7-Mar-11,50.77
2256,1743,8-Mar-11,50.82
2257,1742,9-Mar-11,50.35
2258,1741,10-Mar-11,49.52
2259,1740,11-Mar-11,50.28
2260,1739,14-Mar-11,50.51
2261,1738,15-Mar-11,49.35
2262,1737,16-Mar-11,47.14
2263,1736,17-Mar-11,47.81
2264,1735,18-Mar-11,47.24
2265,1734,21-Mar-11,48.47
2266,1733,22-Mar-11,48.74
2267,1732,23-Mar-11,48.46
2268,1731,24-Mar-11,49.28
2269,1730,25-Mar-11,50.22
2270,1729,28-Mar-11,50.06
2271,1728,29-Mar-11,50.14
2272,1727,30-Mar-11,49.8
2273,1726,31-Mar-11,49.79
2274,1725,1-Apr-11,49.22
2275,1724,4-Apr-11,48.74
2276,1723,5-Apr-11,48.41
2277,1722,6-Apr-11,48.29
2278,1721,7-Apr-11,48.3
2279,1720,8-Apr-11,47.87
2280,1719,11-Apr-11,47.26
2281,1718,12-Apr-11,47.49
2282,1717,13-Apr-11,48.02
2283,1716,14-Apr-11,47.49
2284,1715,15-Apr-11,46.78
2285,1714,18-Apr-11,47.41
2286,1713,19-Apr-11,48.27
2287,1712,20-Apr-11,48.92
2288,1711,21-Apr-11,50.1
2289,1710,25-Apr-11,50.43
2290,1709,26-Apr-11,50.06
2291,1708,27-Apr-11,50.02
2292,1707,28-Apr-11,49.54
2293,1706,29-Apr-11,50.02
2294,1705,2-May-11,49.47
2295,1704,3-May-11,49.74
2296,1703,4-May-11,49.94
2297,1702,5-May-11,49.54
2298,1701,6-May-11,49.52
2299,1700,9-May-11,49.66
2300,1699,10-May-11,49.92
2301,1698,11-May-11,49.6
2302,1697,12-May-11,49.51
2303,1696,13-May-11,48.64
2304,1695,16-May-11,47.61
2305,1694,17-May-11,48.02
2306,1693,18-May-11,48.55
2307,1692,19-May-11,48.65
2308,1691,20-May-11,47.89
2309,1690,23-May-11,47.77
2310,1689,24-May-11,47.46
2311,1688,25-May-11,48.11
2312,1687,26-May-11,47.86
2313,1686,27-May-11,48.2
2314,1685,31-May-11,49.69
2315,1684,1-Jun-11,49.36
2316,1683,2-Jun-11,49.44
2317,1682,3-Jun-11,49.06
2318,1681,6-Jun-11,48.29
2319,1680,7-Jun-11,47.43
2320,1679,8-Jun-11,47.46
2321,1678,9-Jun-11,47.36
2322,1677,10-Jun-11,46.56
2323,1676,13-Jun-11,46.66
2324,1675,14-Jun-11,47.49
2325,1674,15-Jun-11,46.68
2326,1673,16-Jun-11,46.45
2327,1672,17-Jun-11,45.75
2328,1671,20-Jun-11,45.05
2329,1670,21-Jun-11,46.47
2330,1669,22-Jun-11,46.09
2331,1668,23-Jun-11,47.32
2332,1667,24-Jun-11,46.62
2333,1666,27-Jun-11,47.43
2334,1665,28-Jun-11,47.89
2335,1664,29-Jun-11,47.72
2336,1663,30-Jun-11,47.95
2337,1662,1-Jul-11,49.04
2338,1661,5-Jul-11,49.92
2339,1660,6-Jul-11,50.25
2340,1659,7-Jul-11,51.03
2341,1658,8-Jul-11,51.39
2342,1657,11-Jul-11,50.57
2343,1656,12-Jul-11,50.54
2344,1655,13-Jul-11,51.15
2345,1654,14-Jul-11,51.11
2346,1653,15-Jul-11,52.13
2347,1652,18-Jul-11,53.4
2348,1651,19-Jul-11,53.84
2349,1650,20-Jul-11,55.27
2350,1649,21-Jul-11,55.33
2351,1648,22-Jul-11,56.19
2352,1647,25-Jul-11,56.93
2353,1646,26-Jul-11,57.63
2354,1645,27-Jul-11,56.08
2355,1644,28-Jul-11,55.97
2356,1643,29-Jul-11,55.78
2357,1642,1-Aug-11,56.68
2358,1641,2-Aug-11,55.46
2359,1640,3-Aug-11,56.08
2360,1639,4-Aug-11,53.91
2361,1638,5-Aug-11,53.37
2362,1637,8-Aug-11,50.46
2363,1636,9-Aug-11,53.43
2364,1635,10-Aug-11,51.96
2365,1634,11-Aug-11,53.39
2366,1633,12-Aug-11,53.86
2367,1632,15-Aug-11,54.77
2368,1631,16-Aug-11,54.35
2369,1630,17-Aug-11,54.35
2370,1629,18-Aug-11,52.29
2371,1628,19-Aug-11,50.86
2372,1627,22-Aug-11,50.92
2373,1626,23-Aug-11,53.37
2374,1625,24-Aug-11,53.74
2375,1624,25-Aug-11,53.39
2376,1623,26-Aug-11,54.8
2377,1622,29-Aug-11,55.71
2378,1621,30-Aug-11,55.71
2379,1620,31-Aug-11,54.98
2380,1619,1-Sep-11,54.43
2381,1618,2-Sep-11,53.44
2382,1617,6-Sep-11,54.25
2383,1616,7-Sep-11,54.85
2384,1615,8-Sep-11,54.88
2385,1614,9-Sep-11,53.93
2386,1613,12-Sep-11,54.28
2387,1612,13-Sep-11,54.95
2388,1611,14-Sep-11,55.61
2389,1610,15-Sep-11,56.14
2390,1609,16-Sep-11,57.21
2391,1608,19-Sep-11,58.8
2392,1607,20-Sep-11,59.06
2393,1606,21-Sep-11,58.88
2394,1605,22-Sep-11,57.4
2395,1604,23-Sep-11,57.76
2396,1603,26-Sep-11,57.6
2397,1602,27-Sep-11,57.04
2398,1601,28-Sep-11,56.72
2399,1600,29-Sep-11,55.8
2400,1599,30-Sep-11,54.47
2401,1598,3-Oct-11,53.51
2402,1597,4-Oct-11,53.21
2403,1596,5-Oct-11,54.04
2404,1595,6-Oct-11,53.91
2405,1594,7-Oct-11,52.83
2406,1593,10-Oct-11,55.54
2407,1592,11-Oct-11,57.18
2408,1591,12-Oct-11,57.46
2409,1590,13-Oct-11,58.35
2410,1589,14-Oct-11,60.29
2411,1588,17-Oct-11,60.0
2412,1587,18-Oct-11,60.32
2413,1586,19-Oct-11,56.95
2414,1585,20-Oct-11,56.47
2415,1584,21-Oct-11,56.12
2416,1583,24-Oct-11,57.97
2417,1582,25-Oct-11,56.82
2418,1581,26-Oct-11,57.23
2419,1580,27-Oct-11,57.81
2420,1579,28-Oct-11,57.85
2421,1578,31-Oct-11,57.83
2422,1577,1-Nov-11,56.64
2423,1576,2-Nov-11,56.77
2424,1575,3-Nov-11,57.58
2425,1574,4-Nov-11,57.18
2426,1573,7-Nov-11,57.1
2427,1572,8-Nov-11,58.03
2428,1571,9-Nov-11,56.47
2429,1570,10-Nov-11,55.03
2430,1569,11-Nov-11,54.95
2431,1568,14-Nov-11,54.18
2432,1567,15-Nov-11,55.55
2433,1566,16-Nov-11,54.97
2434,1565,17-Nov-11,53.92
2435,1564,18-Nov-11,53.56
2436,1563,21-Nov-11,52.72
2437,1562,22-Nov-11,53.79
2438,1561,23-Nov-11,52.43
2439,1560,25-Nov-11,51.94
2440,1559,28-Nov-11,53.73
2441,1558,29-Nov-11,53.31
2442,1557,30-Nov-11,54.6
2443,1556,1-Dec-11,55.42
2444,1555,2-Dec-11,55.67
2445,1554,5-Dec-11,56.14
2446,1553,6-Dec-11,55.85
2447,1552,7-Dec-11,55.58
2448,1551,8-Dec-11,55.81
2449,1550,9-Dec-11,56.23
2450,1549,12-Dec-11,55.98
2451,1548,13-Dec-11,55.54
2452,1547,14-Dec-11,54.31
2453,1546,15-Dec-11,54.13
2454,1545,16-Dec-11,54.43
2455,1544,19-Dec-11,54.6
2456,1543,20-Dec-11,56.56
2457,1542,21-Dec-11,56.64
2458,1541,22-Dec-11,56.94
2459,1540,23-Dec-11,57.62
2460,1539,27-Dec-11,58.08
2461,1538,28-Dec-11,57.52
2462,1537,29-Dec-11,57.87
2463,1536,30-Dec-11,57.86
2464,1535,3-Jan-12,58.75
2465,1534,4-Jan-12,59.06
2466,1533,5-Jan-12,59.72
2467,1532,6-Jan-12,60.34
2468,1531,9-Jan-12,60.25
2469,1530,10-Jan-12,60.46
2470,1529,11-Jan-12,60.36
2471,1528,12-Jan-12,60.2
2472,1527,13-Jan-12,59.97
2473,1526,17-Jan-12,60.67
2474,1525,18-Jan-12,61.3
2475,1524,19-Jan-12,61.11
2476,1523,20-Jan-12,60.04
2477,1522,23-Jan-12,61.06
2478,1521,24-Jan-12,60.06
2479,1520,25-Jan-12,63.81
2480,1519,26-Jan-12,63.52
2481,1518,27-Jan-12,63.9
2482,1517,30-Jan-12,64.72
2483,1516,31-Jan-12,65.21
2484,1515,1-Feb-12,65.17
2485,1514,2-Feb-12,65.02
2486,1513,3-Feb-12,65.67
2487,1512,6-Feb-12,66.28
2488,1511,7-Feb-12,66.98
2489,1510,8-Feb-12,68.1
2490,1509,9-Feb-12,70.45
2491,1508,10-Feb-12,70.49
2492,1507,13-Feb-12,71.8
2493,1506,14-Feb-12,72.78
2494,1505,15-Feb-12,71.1
2495,1504,16-Feb-12,71.74
2496,1503,17-Feb-12,71.73
2497,1502,21-Feb-12,73.55
2498,1501,22-Feb-12,73.29
2499,1500,23-Feb-12,73.77
2500,1499,24-Feb-12,74.63
2501,1498,27-Feb-12,75.11
2502,1497,28-Feb-12,76.49
2503,1496,29-Feb-12,77.49
2504,1495,1-Mar-12,77.78
2505,1494,2-Mar-12,77.88
2506,1493,5-Mar-12,76.17
2507,1492,6-Mar-12,75.75
2508,1491,7-Mar-12,75.81
2509,1490,8-Mar-12,77.43
2510,1489,9-Mar-12,77.88
2511,1488,12-Mar-12,78.86
2512,1487,13-Mar-12,81.16
2513,1486,14-Mar-12,84.23
2514,1485,15-Mar-12,83.65
2515,1484,16-Mar-12,83.65
2516,1483,19-Mar-12,85.87
2517,1482,20-Mar-12,86.57
2518,1481,21-Mar-12,86.07
2519,1480,22-Mar-12,85.62
2520,1479,23-Mar-12,85.15
2521,1478,26-Mar-12,86.71
2522,1477,27-Mar-12,87.78
2523,1476,28-Mar-12,88.23
2524,1475,29-Mar-12,87.12
2525,1474,30-Mar-12,85.65
2526,1473,2-Apr-12,88.38
2527,1472,3-Apr-12,89.9
2528,1471,4-Apr-12,89.19
2529,1470,5-Apr-12,90.53
2530,1469,9-Apr-12,90.89
2531,1468,10-Apr-12,89.78
2532,1467,11-Apr-12,89.46
2533,1466,12-Apr-12,88.97
2534,1465,13-Apr-12,86.46
2535,1464,16-Apr-12,82.88
2536,1463,17-Apr-12,87.1
2537,1462,18-Apr-12,86.91
2538,1461,19-Apr-12,83.92
2539,1460,20-Apr-12,81.85
2540,1459,23-Apr-12,81.67
2541,1458,24-Apr-12,80.04
2542,1457,25-Apr-12,87.14
2543,1456,26-Apr-12,86.81
2544,1455,27-Apr-12,86.14
2545,1454,30-Apr-12,83.43
2546,1453,1-May-12,83.16
2547,1452,2-May-12,83.71
2548,1451,3-May-12,83.12
2549,1450,4-May-12,80.75
2550,1449,7-May-12,81.35
2551,1448,8-May-12,81.17
2552,1447,9-May-12,81.31
2553,1446,10-May-12,81.5
2554,1445,11-May-12,80.96
2555,1444,14-May-12,79.75
2556,1443,15-May-12,79.02
2557,1442,16-May-12,78.01
2558,1441,17-May-12,75.73
2559,1440,18-May-12,75.77
2560,1439,21-May-12,80.18
2561,1438,22-May-12,79.57
2562,1437,23-May-12,81.51
2563,1436,24-May-12,80.76
2564,1435,25-May-12,80.33
2565,1434,29-May-12,81.75
2566,1433,30-May-12,82.74
2567,1432,31-May-12,82.53
2568,1431,1-Jun-12,80.14
2569,1430,4-Jun-12,80.61
2570,1429,5-Jun-12,80.4
2571,1428,6-Jun-12,81.64
2572,1427,7-Jun-12,81.67
2573,1426,8-Jun-12,82.9
2574,1425,11-Jun-12,81.6
2575,1424,12-Jun-12,82.31
2576,1423,13-Jun-12,81.74
2577,1422,14-Jun-12,81.65
2578,1421,15-Jun-12,82.02
2579,1420,18-Jun-12,83.68
2580,1419,19-Jun-12,83.92
2581,1418,20-Jun-12,83.68
2582,1417,21-Jun-12,82.52
2583,1416,22-Jun-12,83.16
2584,1415,25-Jun-12,81.54
2585,1414,26-Jun-12,81.72
2586,1413,27-Jun-12,82.07
2587,1412,28-Jun-12,81.29
2588,1411,29-Jun-12,83.43
2589,1410,2-Jul-12,84.65
2590,1409,3-Jul-12,85.63
2591,1408,5-Jul-12,87.13
2592,1407,6-Jul-12,86.55
2593,1406,9-Jul-12,87.7
2594,1405,10-Jul-12,86.89
2595,1404,11-Jul-12,86.35
2596,1403,12-Jul-12,85.56
2597,1402,13-Jul-12,86.42
2598,1401,16-Jul-12,86.7
2599,1400,17-Jul-12,86.71
2600,1399,18-Jul-12,86.61
2601,1398,19-Jul-12,87.76
2602,1397,20-Jul-12,86.33
2603,1396,23-Jul-12,86.26
2604,1395,24-Jul-12,85.85
2605,1394,25-Jul-12,82.14
2606,1393,26-Jul-12,82.13
2607,1392,27-Jul-12,83.59
2608,1391,30-Jul-12,85.0
2609,1390,31-Jul-12,87.25
2610,1389,1-Aug-12,86.69
2611,1388,2-Aug-12,86.83
2612,1387,3-Aug-12,87.96
2613,1386,6-Aug-12,88.94
2614,1385,7-Aug-12,88.7
2615,1384,8-Aug-12,88.55
2616,1383,9-Aug-12,88.68
2617,1382,10-Aug-12,88.81
2618,1381,13-Aug-12,90.0
2619,1380,14-Aug-12,90.24
2620,1379,15-Aug-12,90.12
2621,1378,16-Aug-12,90.91
2622,1377,17-Aug-12,92.59
2623,1376,20-Aug-12,95.02
2624,1375,21-Aug-12,93.72
2625,1374,22-Aug-12,95.55
2626,1373,23-Aug-12,94.66
2627,1372,24-Aug-12,94.75
2628,1371,27-Aug-12,96.53
2629,1370,28-Aug-12,96.4
2630,1369,29-Aug-12,96.21
2631,1368,30-Aug-12,94.84
2632,1367,31-Aug-12,95.03
2633,1366,4-Sep-12,96.42
2634,1365,5-Sep-12,95.75
2635,1364,6-Sep-12,96.61
2636,1363,7-Sep-12,97.21
2637,1362,10-Sep-12,94.68
2638,1361,11-Sep-12,94.37
2639,1360,12-Sep-12,95.68
2640,1359,13-Sep-12,97.57
2641,1358,14-Sep-12,98.75
2642,1357,17-Sep-12,99.97
2643,1356,18-Sep-12,100.27
2644,1355,19-Sep-12,100.3
2645,1354,20-Sep-12,99.81
2646,1353,21-Sep-12,100.01
2647,1352,24-Sep-12,98.68
2648,1351,25-Sep-12,96.22
2649,1350,26-Sep-12,95.03
2650,1349,27-Sep-12,97.33
2651,1348,28-Sep-12,95.3
2652,1347,1-Oct-12,94.2
2653,1346,2-Oct-12,94.47
2654,1345,3-Oct-12,95.92
2655,1344,4-Oct-12,95.26
2656,1343,5-Oct-12,93.23
2657,1342,8-Oct-12,91.17
2658,1341,9-Oct-12,90.84
2659,1340,10-Oct-12,91.56
2660,1339,11-Oct-12,89.7
2661,1338,12-Oct-12,89.96
2662,1337,15-Oct-12,90.68
2663,1336,16-Oct-12,92.83
2664,1335,17-Oct-12,92.09
2665,1334,18-Oct-12,90.38
2666,1333,19-Oct-12,87.12
2667,1332,22-Oct-12,90.58
2668,1331,23-Oct-12,87.62
2669,1330,24-Oct-12,88.12
2670,1329,25-Oct-12,87.08
2671,1328,26-Oct-12,86.29
2672,1327,31-Oct-12,85.05
2673,1326,1-Nov-12,85.22
2674,1325,2-Nov-12,82.4
2675,1324,5-Nov-12,83.52
2676,1323,6-Nov-12,83.26
2677,1322,7-Nov-12,79.71
2678,1321,8-Nov-12,76.82
2679,1320,9-Nov-12,78.15
2680,1319,12-Nov-12,77.55
2681,1318,13-Nov-12,77.56
2682,1317,14-Nov-12,76.7
2683,1316,15-Nov-12,75.09
2684,1315,16-Nov-12,75.38
2685,1314,19-Nov-12,80.82
2686,1313,20-Nov-12,80.13
2687,1312,21-Nov-12,80.24
2688,1311,23-Nov-12,81.64
2689,1310,26-Nov-12,84.22
2690,1309,27-Nov-12,83.54
2691,1308,28-Nov-12,83.28
2692,1307,29-Nov-12,84.19
2693,1306,30-Nov-12,83.61
2694,1305,3-Dec-12,83.74
2695,1304,4-Dec-12,82.26
2696,1303,5-Dec-12,76.97
2697,1302,6-Dec-12,78.18
2698,1301,7-Dec-12,76.18
2699,1300,10-Dec-12,75.69
2700,1299,11-Dec-12,77.34
2701,1298,12-Dec-12,77.0
2702,1297,13-Dec-12,75.67
2703,1296,14-Dec-12,72.83
2704,1295,17-Dec-12,74.12
2705,1294,18-Dec-12,76.27
2706,1293,19-Dec-12,75.19
2707,1292,20-Dec-12,74.53
2708,1291,21-Dec-12,74.19
2709,1290,24-Dec-12,74.31
2710,1289,26-Dec-12,73.29
2711,1288,27-Dec-12,73.58
2712,1287,28-Dec-12,72.8
2713,1286,31-Dec-12,76.02
2714,1285,2-Jan-13,78.43
2715,1284,3-Jan-13,77.44
2716,1283,4-Jan-13,75.29
2717,1282,7-Jan-13,74.8
2718,1281,8-Jan-13,75.04
2719,1280,9-Jan-13,73.87
2720,1279,10-Jan-13,74.79
2721,1278,11-Jan-13,74.33
2722,1277,14-Jan-13,71.68
2723,1276,15-Jan-13,69.42
2724,1275,16-Jan-13,72.3
2725,1274,17-Jan-13,71.81
2726,1273,18-Jan-13,71.43
2727,1272,22-Jan-13,72.11
2728,1271,23-Jan-13,73.43
2729,1270,24-Jan-13,64.36
2730,1269,25-Jan-13,62.84
2731,1268,28-Jan-13,64.26
2732,1267,29-Jan-13,65.47
2733,1266,30-Jan-13,65.26
2734,1265,31-Jan-13,65.07
2735,1264,1-Feb-13,64.8
2736,1263,4-Feb-13,63.19
2737,1262,5-Feb-13,65.41
2738,1261,6-Feb-13,65.34
2739,1260,7-Feb-13,66.89
2740,1259,8-Feb-13,67.85
2741,1258,11-Feb-13,68.56
2742,1257,12-Feb-13,66.84
2743,1256,13-Feb-13,66.72
2744,1255,14-Feb-13,66.66
2745,1254,15-Feb-13,65.74
2746,1253,19-Feb-13,65.71
2747,1252,20-Feb-13,64.12
2748,1251,21-Feb-13,63.72
2749,1250,22-Feb-13,64.4
2750,1249,25-Feb-13,63.26
2751,1248,26-Feb-13,64.14
2752,1247,27-Feb-13,63.51
2753,1246,28-Feb-13,63.06
2754,1245,1-Mar-13,61.5
2755,1244,4-Mar-13,60.01
2756,1243,5-Mar-13,61.59
2757,1242,6-Mar-13,60.81
2758,1241,7-Mar-13,61.51
2759,1240,8-Mar-13,61.67
2760,1239,11-Mar-13,62.55
2761,1238,12-Mar-13,61.2
2762,1237,13-Mar-13,61.19
2763,1236,14-Mar-13,61.79
2764,1235,15-Mar-13,63.38
2765,1234,18-Mar-13,65.1
2766,1233,19-Mar-13,64.93
2767,1232,20-Mar-13,64.58
2768,1231,21-Mar-13,64.68
2769,1230,22-Mar-13,65.99
2770,1229,25-Mar-13,66.23
2771,1228,26-Mar-13,65.88
2772,1227,27-Mar-13,64.58
2773,1226,28-Mar-13,63.24
2774,1225,1-Apr-13,61.27
2775,1224,2-Apr-13,61.4
2776,1223,3-Apr-13,61.71
2777,1222,4-Apr-13,61.1
2778,1221,5-Apr-13,60.46
2779,1220,8-Apr-13,60.89
2780,1219,9-Apr-13,61.0
2781,1218,10-Apr-13,62.24
2782,1217,11-Apr-13,62.05
2783,1216,12-Apr-13,61.4
2784,1215,15-Apr-13,59.98
2785,1214,16-Apr-13,60.89
2786,1213,17-Apr-13,57.54
2787,1212,18-Apr-13,56.01
2788,1211,19-Apr-13,55.79
2789,1210,22-Apr-13,56.95
2790,1209,23-Apr-13,58.02
2791,1208,24-Apr-13,57.92
2792,1207,25-Apr-13,58.34
2793,1206,26-Apr-13,59.6
2794,1205,29-Apr-13,61.45
2795,1204,30-Apr-13,63.25
2796,1203,1-May-13,62.76
2797,1202,2-May-13,63.65
2798,1201,3-May-13,64.28
2799,1200,6-May-13,65.82
2800,1199,7-May-13,65.52
2801,1198,8-May-13,66.26
2802,1197,9-May-13,65.25
2803,1196,10-May-13,64.71
2804,1195,13-May-13,64.96
2805,1194,14-May-13,63.41
2806,1193,15-May-13,61.26
2807,1192,16-May-13,62.08
2808,1191,17-May-13,61.89
2809,1190,20-May-13,63.28
2810,1189,21-May-13,62.81
2811,1188,22-May-13,63.05
2812,1187,23-May-13,63.16
2813,1186,24-May-13,63.59
2814,1185,28-May-13,63.06
2815,1184,29-May-13,63.56
2816,1183,30-May-13,64.51
2817,1182,31-May-13,64.25
2818,1181,3-Jun-13,64.39
2819,1180,4-Jun-13,64.19
2820,1179,5-Jun-13,63.59
2821,1178,6-Jun-13,62.64
2822,1177,7-Jun-13,63.12
2823,1176,10-Jun-13,62.7
2824,1175,11-Jun-13,62.51
2825,1174,12-Jun-13,61.74
2826,1173,13-Jun-13,62.28
2827,1172,14-Jun-13,61.44
2828,1171,17-Jun-13,61.71
2829,1170,18-Jun-13,61.68
2830,1169,19-Jun-13,60.43
2831,1168,20-Jun-13,59.55
2832,1167,21-Jun-13,59.07
2833,1166,24-Jun-13,57.51
2834,1165,25-Jun-13,57.52
2835,1164,26-Jun-13,56.87
2836,1163,27-Jun-13,56.25
2837,1162,28-Jun-13,56.65
2838,1161,1-Jul-13,58.46
2839,1160,2-Jul-13,59.78
2840,1159,3-Jul-13,60.11
2841,1158,5-Jul-13,59.63
2842,1157,8-Jul-13,59.29
2843,1156,9-Jul-13,60.34
2844,1155,10-Jul-13,60.1
2845,1154,11-Jul-13,61.04
2846,1153,12-Jul-13,60.93
2847,1152,15-Jul-13,61.06
2848,1151,16-Jul-13,61.46
2849,1150,17-Jul-13,61.47
2850,1149,18-Jul-13,61.68
2851,1148,19-Jul-13,60.71
2852,1147,22-Jul-13,60.9
2853,1146,23-Jul-13,59.86
2854,1145,24-Jul-13,62.93
2855,1144,25-Jul-13,62.64
2856,1143,26-Jul-13,63.0
2857,1142,29-Jul-13,63.97
2858,1141,30-Jul-13,64.76
2859,1140,31-Jul-13,64.65
2860,1139,1-Aug-13,65.24
2861,1138,2-Aug-13,66.08
2862,1137,5-Aug-13,67.06
2863,1136,6-Aug-13,66.46
2864,1135,7-Aug-13,66.43
2865,1134,8-Aug-13,65.86
2866,1133,9-Aug-13,64.92
2867,1132,12-Aug-13,66.77
2868,1131,13-Aug-13,69.94
2869,1130,14-Aug-13,71.21
2870,1129,15-Aug-13,71.13
2871,1128,16-Aug-13,71.76
2872,1127,19-Aug-13,72.53
2873,1126,20-Aug-13,71.58
2874,1125,21-Aug-13,71.77
2875,1124,22-Aug-13,71.85
2876,1123,23-Aug-13,71.57
2877,1122,26-Aug-13,71.85
2878,1121,27-Aug-13,69.8
2879,1120,28-Aug-13,70.13
2880,1119,29-Aug-13,70.24
2881,1118,30-Aug-13,69.6
2882,1117,3-Sep-13,69.8
2883,1116,4-Sep-13,71.24
2884,1115,5-Sep-13,70.75
2885,1114,6-Sep-13,71.17
2886,1113,9-Sep-13,72.31
2887,1112,10-Sep-13,70.66
2888,1111,11-Sep-13,66.82
2889,1110,12-Sep-13,67.53
2890,1109,13-Sep-13,66.41
2891,1108,16-Sep-13,64.3
2892,1107,17-Sep-13,65.05
2893,1106,18-Sep-13,66.38
2894,1105,19-Sep-13,67.47
2895,1104,20-Sep-13,66.77
2896,1103,23-Sep-13,70.09
2897,1102,24-Sep-13,69.87
2898,1101,25-Sep-13,68.79
2899,1100,26-Sep-13,69.46
2900,1099,27-Sep-13,68.96
2901,1098,30-Sep-13,68.11
2902,1097,1-Oct-13,69.71
2903,1096,2-Oct-13,69.94
2904,1095,3-Oct-13,69.06
2905,1094,4-Oct-13,69.0
2906,1093,7-Oct-13,69.68
2907,1092,8-Oct-13,68.71
2908,1091,9-Oct-13,69.51
2909,1090,10-Oct-13,69.95
2910,1089,11-Oct-13,70.4
2911,1088,14-Oct-13,70.86
2912,1087,15-Oct-13,71.24
2913,1086,16-Oct-13,71.59
2914,1085,17-Oct-13,72.07
2915,1084,18-Oct-13,72.7
2916,1083,21-Oct-13,74.48
2917,1082,22-Oct-13,74.27
2918,1081,23-Oct-13,74.99
2919,1080,24-Oct-13,75.99
2920,1079,25-Oct-13,75.14
2921,1078,28-Oct-13,75.7
2922,1077,29-Oct-13,73.81
2923,1076,30-Oct-13,74.98
2924,1075,31-Oct-13,74.67
2925,1074,1-Nov-13,74.29
2926,1073,4-Nov-13,75.25
2927,1072,5-Nov-13,75.06
2928,1071,6-Nov-13,74.42
2929,1070,7-Nov-13,73.21
2930,1069,8-Nov-13,74.37
2931,1068,11-Nov-13,74.15
2932,1067,12-Nov-13,74.29
2933,1066,13-Nov-13,74.38
2934,1065,14-Nov-13,75.45
2935,1064,15-Nov-13,75.0
2936,1063,18-Nov-13,74.09
2937,1062,19-Nov-13,74.22
2938,1061,20-Nov-13,73.57
2939,1060,21-Nov-13,74.45
2940,1059,22-Nov-13,74.26
2941,1058,25-Nov-13,74.82
2942,1057,26-Nov-13,76.2
2943,1056,27-Nov-13,77.99
2944,1055,29-Nov-13,79.44
2945,1054,2-Dec-13,78.75
2946,1053,3-Dec-13,80.9
2947,1052,4-Dec-13,80.71
2948,1051,5-Dec-13,81.13
2949,1050,6-Dec-13,80.0
2950,1049,9-Dec-13,80.92
2951,1048,10-Dec-13,80.79
2952,1047,11-Dec-13,80.19
2953,1046,12-Dec-13,80.08
2954,1045,13-Dec-13,79.2
2955,1044,16-Dec-13,79.64
2956,1043,17-Dec-13,79.28
2957,1042,18-Dec-13,78.68
2958,1041,19-Dec-13,77.78
2959,1040,20-Dec-13,78.43
2960,1039,23-Dec-13,81.44
2961,1038,24-Dec-13,81.1
2962,1037,26-Dec-13,80.56
2963,1036,27-Dec-13,80.01
2964,1035,30-Dec-13,79.22
2965,1034,31-Dec-13,80.15
2966,1033,2-Jan-14,79.02
2967,1032,3-Jan-14,77.28
2968,1031,6-Jan-14,77.7
2969,1030,7-Jan-14,77.15
2970,1029,8-Jan-14,77.64
2971,1028,9-Jan-14,76.65
2972,1027,10-Jan-14,76.13
2973,1026,13-Jan-14,76.53
2974,1025,14-Jan-14,78.06
2975,1024,15-Jan-14,79.62
2976,1023,16-Jan-14,79.18
2977,1022,17-Jan-14,77.24
2978,1021,21-Jan-14,78.44
2979,1020,22-Jan-14,78.79
2980,1019,23-Jan-14,79.45
2981,1018,24-Jan-14,78.01
2982,1017,27-Jan-14,78.64
2983,1016,28-Jan-14,72.36
2984,1015,29-Jan-14,71.54
2985,1014,30-Jan-14,71.4
2986,1013,31-Jan-14,71.51
2987,1012,3-Feb-14,71.65
2988,1011,4-Feb-14,72.68
2989,1010,5-Feb-14,73.23
2990,1009,6-Feb-14,73.22
2991,1008,7-Feb-14,74.24
2992,1007,10-Feb-14,75.57
2993,1006,11-Feb-14,76.57
2994,1005,12-Feb-14,76.56
2995,1004,13-Feb-14,77.78
2996,1003,14-Feb-14,77.71
2997,1002,18-Feb-14,78.0
2998,1001,19-Feb-14,76.77
2999,1000,20-Feb-14,75.88
3000,999,21-Feb-14,75.04
3001,998,24-Feb-14,75.36
3002,997,25-Feb-14,74.58
3003,996,26-Feb-14,73.91
3004,995,27-Feb-14,75.38
3005,994,28-Feb-14,75.18
3006,993,3-Mar-14,75.39
3007,992,4-Mar-14,75.89
3008,991,5-Mar-14,76.05
3009,990,6-Mar-14,75.82
3010,989,7-Mar-14,75.78
3011,988,10-Mar-14,75.85
3012,987,11-Mar-14,76.58
3013,986,12-Mar-14,76.66
3014,985,13-Mar-14,75.81
3015,984,14-Mar-14,74.96
3016,983,17-Mar-14,75.25
3017,982,18-Mar-14,75.91
3018,981,19-Mar-14,75.89
3019,980,20-Mar-14,75.53
3020,979,21-Mar-14,76.12
3021,978,24-Mar-14,77.03
3022,977,25-Mar-14,77.86
3023,976,26-Mar-14,77.11
3024,975,27-Mar-14,76.78
3025,974,28-Mar-14,76.69
3026,973,31-Mar-14,76.68
3027,972,1-Apr-14,77.38
3028,971,2-Apr-14,77.51
3029,970,3-Apr-14,76.97
3030,969,4-Apr-14,75.97
3031,968,7-Apr-14,74.78
3032,967,8-Apr-14,74.78
3033,966,9-Apr-14,75.76
3034,965,10-Apr-14,74.78
3035,964,11-Apr-14,74.23
3036,963,14-Apr-14,74.53
3037,962,15-Apr-14,73.99
3038,961,16-Apr-14,74.14
3039,960,17-Apr-14,74.99
3040,959,21-Apr-14,75.88
3041,958,22-Apr-14,75.96
3042,957,23-Apr-14,74.96
3043,956,24-Apr-14,81.11
3044,955,25-Apr-14,81.71
3045,954,28-Apr-14,84.87
3046,953,29-Apr-14,84.62
3047,952,30-Apr-14,84.3
3048,951,1-May-14,84.5
3049,950,2-May-14,84.65
3050,949,5-May-14,85.85
3051,948,6-May-14,84.92
3052,947,7-May-14,84.62
3053,946,8-May-14,84.0
3054,945,9-May-14,83.65
3055,944,12-May-14,84.69
3056,943,13-May-14,84.82
3057,942,14-May-14,84.84
3058,941,15-May-14,84.12
3059,940,16-May-14,85.36
3060,939,19-May-14,86.37
3061,938,20-May-14,86.39
3062,937,21-May-14,86.62
3063,936,22-May-14,86.75
3064,935,23-May-14,87.73
3065,934,27-May-14,89.38
3066,933,28-May-14,89.14
3067,932,29-May-14,90.77
3068,931,30-May-14,90.43
3069,930,2-Jun-14,89.81
3070,929,3-Jun-14,91.08
3071,928,4-Jun-14,92.12
3072,927,5-Jun-14,92.48
3073,926,6-Jun-14,92.22
3074,925,9-Jun-14,93.7
3075,924,10-Jun-14,94.25
3076,923,11-Jun-14,93.86
3077,922,12-Jun-14,92.29
3078,921,13-Jun-14,91.28
3079,920,16-Jun-14,92.2
3080,919,17-Jun-14,92.08
3081,918,18-Jun-14,92.18
3082,917,19-Jun-14,91.86
3083,916,20-Jun-14,90.91
3084,915,23-Jun-14,90.83
3085,914,24-Jun-14,90.28
3086,913,25-Jun-14,90.36
3087,912,26-Jun-14,90.9
3088,911,27-Jun-14,91.98
3089,910,30-Jun-14,92.93
3090,909,1-Jul-14,93.52
3091,908,2-Jul-14,93.48
3092,907,3-Jul-14,94.03
3093,906,7-Jul-14,95.97
3094,905,8-Jul-14,95.35
3095,904,9-Jul-14,95.39
3096,903,10-Jul-14,95.04
3097,902,11-Jul-14,95.22
3098,901,14-Jul-14,96.45
3099,900,15-Jul-14,95.32
3100,899,16-Jul-14,94.78
3101,898,17-Jul-14,93.09
3102,897,18-Jul-14,94.43
3103,896,21-Jul-14,93.94
3104,895,22-Jul-14,94.72
3105,894,23-Jul-14,97.19
3106,893,24-Jul-14,97.03
3107,892,25-Jul-14,97.67
3108,891,28-Jul-14,99.02
3109,890,29-Jul-14,98.38
3110,889,30-Jul-14,98.15
3111,888,31-Jul-14,95.6
3112,887,1-Aug-14,96.13
3113,886,4-Aug-14,95.59
3114,885,5-Aug-14,95.12
3115,884,6-Aug-14,94.96
3116,883,7-Aug-14,94.48
3117,882,8-Aug-14,94.74
3118,881,11-Aug-14,95.99
3119,880,12-Aug-14,95.97
3120,879,13-Aug-14,97.24
3121,878,14-Aug-14,97.5
3122,877,15-Aug-14,97.98
3123,876,18-Aug-14,99.16
3124,875,19-Aug-14,100.53
3125,874,20-Aug-14,100.57
3126,873,21-Aug-14,100.58
3127,872,22-Aug-14,101.32
3128,871,25-Aug-14,101.54
3129,870,26-Aug-14,100.89
3130,869,27-Aug-14,102.13
3131,868,28-Aug-14,102.25
3132,867,29-Aug-14,102.5
3133,866,2-Sep-14,103.3
3134,865,3-Sep-14,98.94
3135,864,4-Sep-14,98.12
3136,863,5-Sep-14,98.97
3137,862,8-Sep-14,98.36
3138,861,9-Sep-14,97.99
3139,860,10-Sep-14,101.0
3140,859,11-Sep-14,101.43
3141,858,12-Sep-14,101.66
3142,857,15-Sep-14,101.63
3143,856,16-Sep-14,100.86
3144,855,17-Sep-14,101.58
3145,854,18-Sep-14,101.79
3146,853,19-Sep-14,100.96
3147,852,22-Sep-14,101.06
3148,851,23-Sep-14,102.64
3149,850,24-Sep-14,101.75
3150,849,25-Sep-14,97.87
3151,848,26-Sep-14,100.75
3152,847,29-Sep-14,100.11
3153,846,30-Sep-14,100.75
3154,845,1-Oct-14,99.18
3155,844,2-Oct-14,99.9
3156,843,3-Oct-14,99.62
3157,842,6-Oct-14,99.62
3158,841,7-Oct-14,98.75
3159,840,8-Oct-14,100.8
3160,839,9-Oct-14,101.02
3161,838,10-Oct-14,100.73
3162,837,13-Oct-14,99.81
3163,836,14-Oct-14,98.75
3164,835,15-Oct-14,97.54
3165,834,16-Oct-14,96.26
3166,833,17-Oct-14,97.67
3167,832,20-Oct-14,99.76
3168,831,21-Oct-14,102.47
3169,830,22-Oct-14,102.99
3170,829,23-Oct-14,104.83
3171,828,24-Oct-14,105.22
3172,827,27-Oct-14,105.11
3173,826,28-Oct-14,106.74
3174,825,29-Oct-14,107.34
3175,824,30-Oct-14,106.98
3176,823,31-Oct-14,108.0
3177,822,3-Nov-14,109.4
3178,821,4-Nov-14,108.6
3179,820,5-Nov-14,108.86
3180,819,6-Nov-14,108.7
3181,818,7-Nov-14,109.01
3182,817,10-Nov-14,108.83
3183,816,11-Nov-14,109.7
3184,815,12-Nov-14,111.25
3185,814,13-Nov-14,112.82
3186,813,14-Nov-14,114.18
3187,812,17-Nov-14,113.99
3188,811,18-Nov-14,115.47
3189,810,19-Nov-14,114.67
3190,809,20-Nov-14,116.31
3191,808,21-Nov-14,116.47
3192,807,24-Nov-14,118.62
3193,806,25-Nov-14,117.6
3194,805,26-Nov-14,119.0
3195,804,28-Nov-14,118.93
3196,803,1-Dec-14,115.07
3197,802,2-Dec-14,114.63
3198,801,3-Dec-14,115.93
3199,800,4-Dec-14,115.49
3200,799,5-Dec-14,115.0
3201,798,8-Dec-14,112.4
3202,797,9-Dec-14,114.12
3203,796,10-Dec-14,111.95
3204,795,11-Dec-14,111.62
3205,794,12-Dec-14,109.73
3206,793,15-Dec-14,108.22
3207,792,16-Dec-14,106.74
3208,791,17-Dec-14,109.41
3209,790,18-Dec-14,112.65
3210,789,19-Dec-14,111.78
3211,788,22-Dec-14,112.94
3212,787,23-Dec-14,112.54
3213,786,24-Dec-14,112.01
3214,785,26-Dec-14,113.99
3215,784,29-Dec-14,113.91
3216,783,30-Dec-14,112.52
3217,782,31-Dec-14,110.38
3218,781,2-Jan-15,109.33
3219,780,5-Jan-15,106.25
3220,779,6-Jan-15,106.26
3221,778,7-Jan-15,107.75
3222,777,8-Jan-15,111.89
3223,776,9-Jan-15,112.01
3224,775,12-Jan-15,109.25
3225,774,13-Jan-15,110.22
3226,773,14-Jan-15,109.8
3227,772,15-Jan-15,106.82
3228,771,16-Jan-15,105.99
3229,770,20-Jan-15,108.72
3230,769,21-Jan-15,109.55
3231,768,22-Jan-15,112.4
3232,767,23-Jan-15,112.98
3233,766,26-Jan-15,113.1
3234,765,27-Jan-15,109.14
3235,764,28-Jan-15,115.31
3236,763,29-Jan-15,118.9
3237,762,30-Jan-15,117.16
3238,761,2-Feb-15,118.63
3239,760,3-Feb-15,118.65
3240,759,4-Feb-15,119.56
3241,758,5-Feb-15,119.94
3242,757,6-Feb-15,118.93
3243,756,9-Feb-15,119.72
3244,755,10-Feb-15,122.02
3245,754,11-Feb-15,124.88
3246,753,12-Feb-15,126.46
3247,752,13-Feb-15,127.08
3248,751,17-Feb-15,127.83
3249,750,18-Feb-15,128.72
3250,749,19-Feb-15,128.45
3251,748,20-Feb-15,129.5
3252,747,23-Feb-15,133.0
3253,746,24-Feb-15,132.17
3254,745,25-Feb-15,128.79
3255,744,26-Feb-15,130.42
3256,743,27-Feb-15,128.46
3257,742,2-Mar-15,129.09
3258,741,3-Mar-15,129.36
3259,740,4-Mar-15,128.54
3260,739,5-Mar-15,126.41
3261,738,6-Mar-15,126.6
3262,737,9-Mar-15,127.14
3263,736,10-Mar-15,124.51
3264,735,11-Mar-15,122.24
3265,734,12-Mar-15,124.45
3266,733,13-Mar-15,123.59
3267,732,16-Mar-15,124.95
3268,731,17-Mar-15,127.04
3269,730,18-Mar-15,128.47
3270,729,19-Mar-15,127.5
3271,728,20-Mar-15,125.9
3272,727,23-Mar-15,127.21
3273,726,24-Mar-15,126.69
3274,725,25-Mar-15,123.38
3275,724,26-Mar-15,124.24
3276,723,27-Mar-15,123.25
3277,722,30-Mar-15,126.37
3278,721,31-Mar-15,124.43
3279,720,1-Apr-15,124.25
3280,719,2-Apr-15,125.32
3281,718,6-Apr-15,127.35
3282,717,7-Apr-15,126.01
3283,716,8-Apr-15,125.6
3284,715,9-Apr-15,126.56
3285,714,10-Apr-15,127.1
3286,713,13-Apr-15,126.85
3287,712,14-Apr-15,126.3
3288,711,15-Apr-15,126.78
3289,710,16-Apr-15,126.17
3290,709,17-Apr-15,124.75
3291,708,20-Apr-15,127.6
3292,707,21-Apr-15,126.91
3293,706,22-Apr-15,128.62
3294,705,23-Apr-15,129.67
3295,704,24-Apr-15,130.28
3296,703,27-Apr-15,132.65
3297,702,28-Apr-15,130.56
3298,701,29-Apr-15,128.64
3299,700,30-Apr-15,125.15
3300,699,1-May-15,128.95
3301,698,4-May-15,128.7
3302,697,5-May-15,125.8
3303,696,6-May-15,125.01
3304,695,7-May-15,125.26
3305,694,8-May-15,127.62
3306,693,11-May-15,126.32
3307,692,12-May-15,125.86
3308,691,13-May-15,126.01
3309,690,14-May-15,128.95
3310,689,15-May-15,128.77
3311,688,18-May-15,130.19
3312,687,19-May-15,130.07
3313,686,20-May-15,130.06
3314,685,21-May-15,131.39
3315,684,22-May-15,132.54
3316,683,26-May-15,129.62
3317,682,27-May-15,132.04
3318,681,28-May-15,131.78
3319,680,29-May-15,130.28
3320,679,1-Jun-15,130.54
3321,678,2-Jun-15,129.96
3322,677,3-Jun-15,130.12
3323,676,4-Jun-15,129.36
3324,675,5-Jun-15,128.65
3325,674,8-Jun-15,127.8
3326,673,9-Jun-15,127.42
3327,672,10-Jun-15,128.88
3328,671,11-Jun-15,128.59
3329,670,12-Jun-15,127.17
3330,669,15-Jun-15,126.92
3331,668,16-Jun-15,127.6
3332,667,17-Jun-15,127.3
3333,666,18-Jun-15,127.88
3334,665,19-Jun-15,126.6
3335,664,22-Jun-15,127.61
3336,663,23-Jun-15,127.03
3337,662,24-Jun-15,128.11
3338,661,25-Jun-15,127.5
3339,660,26-Jun-15,126.75
3340,659,29-Jun-15,124.53
3341,658,30-Jun-15,125.42
3342,657,1-Jul-15,126.6
3343,656,2-Jul-15,126.44
3344,655,6-Jul-15,126.0
3345,654,7-Jul-15,125.69
3346,653,8-Jul-15,122.57
3347,652,9-Jul-15,120.07
3348,651,10-Jul-15,123.28
3349,650,13-Jul-15,125.66
3350,649,14-Jul-15,125.61
3351,648,15-Jul-15,126.82
3352,647,16-Jul-15,128.51
3353,646,17-Jul-15,129.62
3354,645,20-Jul-15,132.07
3355,644,21-Jul-15,130.75
3356,643,22-Jul-15,125.22
3357,642,23-Jul-15,125.16
3358,641,24-Jul-15,124.5
3359,640,27-Jul-15,122.77
3360,639,28-Jul-15,123.38
3361,638,29-Jul-15,122.99
3362,637,30-Jul-15,122.37
3363,636,31-Jul-15,121.3
3364,635,3-Aug-15,118.44
3365,634,4-Aug-15,114.64
3366,633,5-Aug-15,115.4
3367,632,6-Aug-15,115.13
3368,631,7-Aug-15,115.52
3369,630,10-Aug-15,119.72
3370,629,11-Aug-15,113.49
3371,628,12-Aug-15,115.24
3372,627,13-Aug-15,115.15
3373,626,14-Aug-15,115.96
3374,625,17-Aug-15,117.16
3375,624,18-Aug-15,116.5
3376,623,19-Aug-15,115.01
3377,622,20-Aug-15,112.65
3378,621,21-Aug-15,105.76
3379,620,24-Aug-15,103.12
3380,619,25-Aug-15,103.74
3381,618,26-Aug-15,109.69
3382,617,27-Aug-15,112.92
3383,616,28-Aug-15,113.29
3384,615,31-Aug-15,112.76
3385,614,1-Sep-15,107.72
3386,613,2-Sep-15,112.34
3387,612,3-Sep-15,110.37
3388,611,4-Sep-15,109.27
3389,610,8-Sep-15,112.31
3390,609,9-Sep-15,110.15
3391,608,10-Sep-15,112.57
3392,607,11-Sep-15,114.21
3393,606,14-Sep-15,115.31
3394,605,15-Sep-15,116.28
3395,604,16-Sep-15,116.41
3396,603,17-Sep-15,113.92
3397,602,18-Sep-15,113.45
3398,601,21-Sep-15,115.21
3399,600,22-Sep-15,113.4
3400,599,23-Sep-15,114.32
3401,598,24-Sep-15,115.0
3402,597,25-Sep-15,114.71
3403,596,28-Sep-15,112.44
3404,595,29-Sep-15,109.06
3405,594,30-Sep-15,110.3
3406,593,1-Oct-15,109.58
3407,592,2-Oct-15,110.38
3408,591,5-Oct-15,110.78
3409,590,6-Oct-15,111.31
3410,589,7-Oct-15,110.78
3411,588,8-Oct-15,109.5
3412,587,9-Oct-15,112.12
3413,586,12-Oct-15,111.6
3414,585,13-Oct-15,111.79
3415,584,14-Oct-15,110.21
3416,583,15-Oct-15,111.86
3417,582,16-Oct-15,111.04
3418,581,19-Oct-15,111.73
3419,580,20-Oct-15,113.77
3420,579,21-Oct-15,113.76
3421,578,22-Oct-15,115.5
3422,577,23-Oct-15,119.08
3423,576,26-Oct-15,115.28
3424,575,27-Oct-15,114.55
3425,574,28-Oct-15,119.27
3426,573,29-Oct-15,120.53
3427,572,30-Oct-15,119.5
3428,571,2-Nov-15,121.18
3429,570,3-Nov-15,122.57
3430,569,4-Nov-15,122.0
3431,568,5-Nov-15,120.92
3432,567,6-Nov-15,121.06
3433,566,9-Nov-15,120.57
3434,565,10-Nov-15,116.77
3435,564,11-Nov-15,116.11
3436,563,12-Nov-15,115.72
3437,562,13-Nov-15,112.34
3438,561,16-Nov-15,114.18
3439,560,17-Nov-15,113.69
3440,559,18-Nov-15,117.29
3441,558,19-Nov-15,118.78
3442,557,20-Nov-15,119.3
3443,556,23-Nov-15,117.75
3444,555,24-Nov-15,118.88
3445,554,25-Nov-15,118.03
3446,553,27-Nov-15,117.81
3447,552,30-Nov-15,118.3
3448,551,1-Dec-15,117.34
3449,550,2-Dec-15,116.28
3450,549,3-Dec-15,115.2
3451,548,4-Dec-15,119.03
3452,547,7-Dec-15,118.28
3453,546,8-Dec-15,118.23
3454,545,9-Dec-15,115.62
3455,544,10-Dec-15,116.17
3456,543,11-Dec-15,113.18
3457,542,14-Dec-15,112.48
3458,541,15-Dec-15,110.49
3459,540,16-Dec-15,111.34
3460,539,17-Dec-15,108.98
3461,538,18-Dec-15,106.03
3462,537,21-Dec-15,107.33
3463,536,22-Dec-15,107.23
3464,535,23-Dec-15,108.61
3465,534,24-Dec-15,108.03
3466,533,28-Dec-15,106.82
3467,532,29-Dec-15,108.74
3468,531,30-Dec-15,107.32
3469,530,31-Dec-15,105.26
3470,529,4-Jan-16,105.35
3471,528,5-Jan-16,102.71
3472,527,6-Jan-16,100.7
3473,526,7-Jan-16,96.45
3474,525,8-Jan-16,96.96
3475,524,11-Jan-16,98.53
3476,523,12-Jan-16,99.96
3477,522,13-Jan-16,97.39
3478,521,14-Jan-16,99.52
3479,520,15-Jan-16,97.13
3480,519,19-Jan-16,96.66
3481,518,20-Jan-16,96.79
3482,517,21-Jan-16,96.3
3483,516,22-Jan-16,101.42
3484,515,25-Jan-16,99.44
3485,514,26-Jan-16,99.99
3486,513,27-Jan-16,93.42
3487,512,28-Jan-16,94.09
3488,511,29-Jan-16,97.34
3489,510,1-Feb-16,96.43
3490,509,2-Feb-16,94.48
3491,508,3-Feb-16,96.35
3492,507,4-Feb-16,96.6
3493,506,5-Feb-16,94.02
3494,505,8-Feb-16,95.01
3495,504,9-Feb-16,94.99
3496,503,10-Feb-16,94.27
3497,502,11-Feb-16,93.7
3498,501,12-Feb-16,93.99
3499,500,16-Feb-16,96.64
3500,499,17-Feb-16,98.12
3501,498,18-Feb-16,96.26
3502,497,19-Feb-16,96.04
3503,496,22-Feb-16,96.88
3504,495,23-Feb-16,94.69
3505,494,24-Feb-16,96.1
3506,493,25-Feb-16,96.76
3507,492,26-Feb-16,96.91
3508,491,29-Feb-16,96.69
3509,490,1-Mar-16,100.53
3510,489,2-Mar-16,100.75
3511,488,3-Mar-16,101.5
3512,487,4-Mar-16,103.01
3513,486,7-Mar-16,101.87
3514,485,8-Mar-16,101.03
3515,484,9-Mar-16,101.12
3516,483,10-Mar-16,101.17
3517,482,11-Mar-16,102.26
3518,481,14-Mar-16,102.52
3519,480,15-Mar-16,104.58
3520,479,16-Mar-16,105.97
3521,478,17-Mar-16,105.8
3522,477,18-Mar-16,105.92
3523,476,21-Mar-16,105.91
3524,475,22-Mar-16,106.72
3525,474,23-Mar-16,106.13
3526,473,24-Mar-16,105.67
3527,472,28-Mar-16,105.19
3528,471,29-Mar-16,107.68
3529,470,30-Mar-16,109.56
3530,469,31-Mar-16,108.99
3531,468,1-Apr-16,109.99
3532,467,4-Apr-16,111.12
3533,466,5-Apr-16,109.81
3534,465,6-Apr-16,110.96
3535,464,7-Apr-16,108.54
3536,463,8-Apr-16,108.66
3537,462,11-Apr-16,109.02
3538,461,12-Apr-16,110.44
3539,460,13-Apr-16,112.04
3540,459,14-Apr-16,112.1
3541,458,15-Apr-16,109.85
3542,457,18-Apr-16,107.48
3543,456,19-Apr-16,106.91
3544,455,20-Apr-16,107.13
3545,454,21-Apr-16,105.97
3546,453,22-Apr-16,105.68
3547,452,25-Apr-16,105.08
3548,451,26-Apr-16,104.35
3549,450,27-Apr-16,97.82
3550,449,28-Apr-16,94.83
3551,448,29-Apr-16,93.74
3552,447,2-May-16,93.64
3553,446,3-May-16,95.18
3554,445,4-May-16,94.19
3555,444,5-May-16,93.24
3556,443,6-May-16,92.72
3557,442,9-May-16,92.79
3558,441,10-May-16,93.42
3559,440,11-May-16,92.51
3560,439,12-May-16,90.34
3561,438,13-May-16,90.52
3562,437,16-May-16,93.88
3563,436,17-May-16,93.49
3564,435,18-May-16,94.56
3565,434,19-May-16,94.2
3566,433,20-May-16,95.22
3567,432,23-May-16,96.43
3568,431,24-May-16,97.9
3569,430,25-May-16,99.62
3570,429,26-May-16,100.41
3571,428,27-May-16,100.35
3572,427,31-May-16,99.86
3573,426,1-Jun-16,98.46
3574,425,2-Jun-16,97.72
3575,424,3-Jun-16,97.92
3576,423,6-Jun-16,98.63
3577,422,7-Jun-16,99.03
3578,421,8-Jun-16,98.94
3579,420,9-Jun-16,99.65
3580,419,10-Jun-16,98.83
3581,418,13-Jun-16,97.34
3582,417,14-Jun-16,97.46
3583,416,15-Jun-16,97.14
3584,415,16-Jun-16,97.55
3585,414,17-Jun-16,95.33
3586,413,20-Jun-16,95.1
3587,412,21-Jun-16,95.91
3588,411,22-Jun-16,95.55
3589,410,23-Jun-16,96.1
3590,409,24-Jun-16,93.4
3591,408,27-Jun-16,92.04
3592,407,28-Jun-16,93.59
3593,406,29-Jun-16,94.4
3594,405,30-Jun-16,95.6
3595,404,1-Jul-16,95.89
3596,403,5-Jul-16,94.99
3597,402,6-Jul-16,95.53
3598,401,7-Jul-16,95.94
3599,400,8-Jul-16,96.68
3600,399,11-Jul-16,96.98
3601,398,12-Jul-16,97.42
3602,397,13-Jul-16,96.87
3603,396,14-Jul-16,98.79
3604,395,15-Jul-16,98.78
3605,394,18-Jul-16,99.83
3606,393,19-Jul-16,99.87
3607,392,20-Jul-16,99.96
3608,391,21-Jul-16,99.43
3609,390,22-Jul-16,98.66
3610,389,25-Jul-16,97.34
3611,388,26-Jul-16,96.67
3612,387,27-Jul-16,102.95
3613,386,28-Jul-16,104.34
3614,385,29-Jul-16,104.21
3615,384,1-Aug-16,106.05
3616,383,2-Aug-16,104.48
3617,382,3-Aug-16,105.79
3618,381,4-Aug-16,105.87
3619,380,5-Aug-16,107.48
3620,379,8-Aug-16,108.37
3621,378,9-Aug-16,108.81
3622,377,10-Aug-16,108.0
3623,376,11-Aug-16,107.93
3624,375,12-Aug-16,108.18
3625,374,15-Aug-16,109.48
3626,373,16-Aug-16,109.38
3627,372,17-Aug-16,109.22
3628,371,18-Aug-16,109.08
3629,370,19-Aug-16,109.36
3630,369,22-Aug-16,108.51
3631,368,23-Aug-16,108.85
3632,367,24-Aug-16,108.03
3633,366,25-Aug-16,107.57
3634,365,26-Aug-16,106.94
3635,364,29-Aug-16,106.82
3636,363,30-Aug-16,106.0
3637,362,31-Aug-16,106.1
3638,361,1-Sep-16,106.73
3639,360,2-Sep-16,107.73
3640,359,6-Sep-16,107.7
3641,358,7-Sep-16,108.36
3642,357,8-Sep-16,105.52
3643,356,9-Sep-16,103.13
3644,355,12-Sep-16,105.44
3645,354,13-Sep-16,107.95
3646,353,14-Sep-16,111.77
3647,352,15-Sep-16,115.57
3648,351,16-Sep-16,114.92
3649,350,19-Sep-16,113.58
3650,349,20-Sep-16,113.57
3651,348,21-Sep-16,113.55
3652,347,22-Sep-16,114.62
3653,346,23-Sep-16,112.71
3654,345,26-Sep-16,112.88
3655,344,27-Sep-16,113.09
3656,343,28-Sep-16,113.95
3657,342,29-Sep-16,112.18
3658,341,30-Sep-16,113.05
3659,340,3-Oct-16,112.52
3660,339,4-Oct-16,113.0
3661,338,5-Oct-16,113.05
3662,337,6-Oct-16,113.89
3663,336,7-Oct-16,114.06
3664,335,10-Oct-16,116.05
3665,334,11-Oct-16,116.3
3666,333,12-Oct-16,117.34
3667,332,13-Oct-16,116.98
3668,331,14-Oct-16,117.63
3669,330,17-Oct-16,117.55
3670,329,18-Oct-16,117.47
3671,328,19-Oct-16,117.12
3672,327,20-Oct-16,117.06
3673,326,21-Oct-16,116.6
3674,325,24-Oct-16,117.65
3675,324,25-Oct-16,118.25
3676,323,26-Oct-16,115.59
3677,322,27-Oct-16,114.48
3678,321,28-Oct-16,113.72
3679,320,31-Oct-16,113.54
3680,319,1-Nov-16,111.49
3681,318,2-Nov-16,111.59
3682,317,3-Nov-16,109.83
3683,316,4-Nov-16,108.84
3684,315,7-Nov-16,110.41
3685,314,8-Nov-16,111.06
3686,313,9-Nov-16,110.88
3687,312,10-Nov-16,107.79
3688,311,11-Nov-16,108.43
3689,310,14-Nov-16,105.71
3690,309,15-Nov-16,107.11
3691,308,16-Nov-16,109.99
3692,307,17-Nov-16,109.95
3693,306,18-Nov-16,110.06
3694,305,21-Nov-16,111.73
3695,304,22-Nov-16,111.8
3696,303,23-Nov-16,111.23
3697,302,25-Nov-16,111.79
3698,301,28-Nov-16,111.57
3699,300,29-Nov-16,111.46
3700,299,30-Nov-16,110.52
3701,298,1-Dec-16,109.49
3702,297,2-Dec-16,109.9
3703,296,5-Dec-16,109.11
3704,295,6-Dec-16,109.95
3705,294,7-Dec-16,111.03
3706,293,8-Dec-16,112.12
3707,292,9-Dec-16,113.95
3708,291,12-Dec-16,113.3
3709,290,13-Dec-16,115.19
3710,289,14-Dec-16,115.19
3711,288,15-Dec-16,115.82
3712,287,16-Dec-16,115.97
3713,286,19-Dec-16,116.64
3714,285,20-Dec-16,116.95
3715,284,21-Dec-16,117.06
3716,283,22-Dec-16,116.29
3717,282,23-Dec-16,116.52
3718,281,27-Dec-16,117.26
3719,280,28-Dec-16,116.76
3720,279,29-Dec-16,116.73
3721,278,30-Dec-16,115.82
3722,277,3-Jan-17,116.15
3723,276,4-Jan-17,116.02
3724,275,5-Jan-17,116.61
3725,274,6-Jan-17,117.91
3726,273,9-Jan-17,118.99
3727,272,10-Jan-17,119.11
3728,271,11-Jan-17,119.75
3729,270,12-Jan-17,119.25
3730,269,13-Jan-17,119.04
3731,268,17-Jan-17,120.0
3732,267,18-Jan-17,119.99
3733,266,19-Jan-17,119.78
3734,265,20-Jan-17,120.0
3735,264,23-Jan-17,120.08
3736,263,24-Jan-17,119.97
3737,262,25-Jan-17,121.88
3738,261,26-Jan-17,121.94
3739,260,27-Jan-17,121.95
3740,259,30-Jan-17,121.63
3741,258,31-Jan-17,121.35
3742,257,1-Feb-17,128.75
3743,256,2-Feb-17,128.53
3744,255,3-Feb-17,129.08
3745,254,6-Feb-17,130.29
3746,253,7-Feb-17,131.53
3747,252,8-Feb-17,132.04
3748,251,9-Feb-17,132.42
3749,250,10-Feb-17,132.12
3750,249,13-Feb-17,133.29
3751,248,14-Feb-17,135.02
3752,247,15-Feb-17,135.51
3753,246,16-Feb-17,135.34
3754,245,17-Feb-17,135.72
3755,244,21-Feb-17,136.7
3756,243,22-Feb-17,137.11
3757,242,23-Feb-17,136.53
3758,241,24-Feb-17,136.66
3759,240,27-Feb-17,136.93
3760,239,28-Feb-17,136.99
3761,238,1-Mar-17,139.79
3762,237,2-Mar-17,138.96
3763,236,3-Mar-17,139.78
3764,235,6-Mar-17,139.34
3765,234,7-Mar-17,139.52
3766,233,8-Mar-17,139.0
3767,232,9-Mar-17,138.68
3768,231,10-Mar-17,139.14
3769,230,13-Mar-17,139.2
3770,229,14-Mar-17,138.99
3771,228,15-Mar-17,140.46
3772,227,16-Mar-17,140.69
3773,226,17-Mar-17,139.99
3774,225,20-Mar-17,141.46
3775,224,21-Mar-17,139.84
3776,223,22-Mar-17,141.42
3777,222,23-Mar-17,140.92
3778,221,24-Mar-17,140.64
3779,220,27-Mar-17,140.88
3780,219,28-Mar-17,143.8
3781,218,29-Mar-17,144.12
3782,217,30-Mar-17,143.93
3783,216,31-Mar-17,143.66
3784,215,3-Apr-17,143.7
3785,214,4-Apr-17,144.77
3786,213,5-Apr-17,144.02
3787,212,6-Apr-17,143.66
3788,211,7-Apr-17,143.34
3789,210,10-Apr-17,143.17
3790,209,11-Apr-17,141.63
3791,208,12-Apr-17,141.8
3792,207,13-Apr-17,141.05
3793,206,17-Apr-17,141.83
3794,205,18-Apr-17,141.2
3795,204,19-Apr-17,140.68
3796,203,20-Apr-17,142.44
3797,202,21-Apr-17,142.27
3798,201,24-Apr-17,143.64
3799,200,25-Apr-17,144.53
3800,199,26-Apr-17,143.68
3801,198,27-Apr-17,143.79
3802,197,28-Apr-17,143.65
3803,196,1-May-17,146.58
3804,195,2-May-17,147.51
3805,194,3-May-17,147.06
3806,193,4-May-17,146.53
3807,192,5-May-17,148.96
3808,191,8-May-17,153.01
3809,190,9-May-17,153.99
3810,189,10-May-17,153.26
3811,188,11-May-17,153.95
3812,187,12-May-17,156.1
3813,186,15-May-17,155.7
3814,185,16-May-17,155.47
3815,184,17-May-17,150.25
3816,183,18-May-17,152.54
3817,182,19-May-17,153.06
3818,181,22-May-17,153.99
3819,180,23-May-17,153.8
3820,179,24-May-17,153.34
3821,178,25-May-17,153.87
3822,177,26-May-17,153.61
3823,176,30-May-17,153.67
3824,175,31-May-17,152.76
3825,174,1-Jun-17,153.18
3826,173,2-Jun-17,155.45
3827,172,5-Jun-17,153.93
3828,171,6-Jun-17,154.45
3829,170,7-Jun-17,155.37
3830,169,8-Jun-17,154.99
3831,168,9-Jun-17,148.98
3832,167,12-Jun-17,145.42
3833,166,13-Jun-17,146.59
3834,165,14-Jun-17,145.16
3835,164,15-Jun-17,144.29
3836,163,16-Jun-17,142.27
3837,162,19-Jun-17,146.34
3838,161,20-Jun-17,145.01
3839,160,21-Jun-17,145.87
3840,159,22-Jun-17,145.63
3841,158,23-Jun-17,146.28
3842,157,26-Jun-17,145.82
3843,156,27-Jun-17,143.73
3844,155,28-Jun-17,145.83
3845,154,29-Jun-17,143.68
3846,153,30-Jun-17,144.02
3847,152,3-Jul-17,143.5
3848,151,5-Jul-17,144.09
3849,150,6-Jul-17,142.73
3850,149,7-Jul-17,144.18
3851,148,10-Jul-17,145.06
3852,147,11-Jul-17,145.53
3853,146,12-Jul-17,145.74
3854,145,13-Jul-17,147.77
3855,144,14-Jul-17,149.04
3856,143,17-Jul-17,149.56
3857,142,18-Jul-17,150.08
3858,141,19-Jul-17,151.02
3859,140,20-Jul-17,150.34
3860,139,21-Jul-17,150.27
3861,138,24-Jul-17,152.09
3862,137,25-Jul-17,152.74
3863,136,26-Jul-17,153.46
3864,135,27-Jul-17,150.56
3865,134,28-Jul-17,149.5
3866,133,31-Jul-17,148.73
3867,132,1-Aug-17,150.05
3868,131,2-Aug-17,157.14
3869,130,3-Aug-17,155.57
3870,129,4-Aug-17,156.39
3871,128,7-Aug-17,158.81
3872,127,8-Aug-17,160.08
3873,126,9-Aug-17,161.06
3874,125,10-Aug-17,155.32
3875,124,11-Aug-17,157.48
3876,123,14-Aug-17,159.85
3877,122,15-Aug-17,161.6
3878,121,16-Aug-17,160.95
3879,120,17-Aug-17,157.86
3880,119,18-Aug-17,157.5
3881,118,21-Aug-17,157.21
3882,117,22-Aug-17,159.78
3883,116,23-Aug-17,159.98
3884,115,24-Aug-17,159.27
3885,114,25-Aug-17,159.86
3886,113,28-Aug-17,161.47
3887,112,29-Aug-17,162.91
3888,111,30-Aug-17,163.35
3889,110,31-Aug-17,164.0
3890,109,1-Sep-17,164.05
3891,108,5-Sep-17,162.08
3892,107,6-Sep-17,161.91
3893,106,7-Sep-17,161.26
3894,105,8-Sep-17,158.63
3895,104,11-Sep-17,161.5
3896,103,12-Sep-17,160.86
3897,102,13-Sep-17,159.65
3898,101,14-Sep-17,158.28
3899,100,15-Sep-17,159.88
3900,99,18-Sep-17,158.67
3901,98,19-Sep-17,158.73
3902,97,20-Sep-17,156.07
3903,96,21-Sep-17,153.39
3904,95,22-Sep-17,151.89
3905,94,25-Sep-17,150.55
3906,93,26-Sep-17,153.14
3907,92,27-Sep-17,154.23
3908,91,28-Sep-17,153.28
3909,90,29-Sep-17,154.12
3910,89,2-Oct-17,153.81
3911,88,3-Oct-17,154.48
3912,87,4-Oct-17,153.48
3913,86,5-Oct-17,155.39
3914,85,6-Oct-17,155.3
3915,84,9-Oct-17,155.84
3916,83,10-Oct-17,155.9
3917,82,11-Oct-17,156.55
3918,81,12-Oct-17,156.0
3919,80,13-Oct-17,156.99
3920,79,16-Oct-17,159.88
3921,78,17-Oct-17,160.47
3922,77,18-Oct-17,159.76
3923,76,19-Oct-17,155.98
3924,75,20-Oct-17,156.25
3925,74,23-Oct-17,156.17
3926,73,24-Oct-17,157.1
3927,72,25-Oct-17,156.41
3928,71,26-Oct-17,157.41
3929,70,27-Oct-17,163.05
3930,69,30-Oct-17,166.72
3931,68,31-Oct-17,169.04
3932,67,1-Nov-17,166.89
3933,66,2-Nov-17,168.11
3934,65,3-Nov-17,172.5
3935,64,6-Nov-17,174.25
3936,63,7-Nov-17,174.81
3937,62,8-Nov-17,176.24
3938,61,9-Nov-17,175.88
3939,60,10-Nov-17,174.67
3940,59,13-Nov-17,173.97
3941,58,14-Nov-17,171.34
3942,57,15-Nov-17,169.08
3943,56,16-Nov-17,171.1
3944,55,17-Nov-17,170.15
3945,54,20-Nov-17,169.98
3946,53,21-Nov-17,173.14
3947,52,22-Nov-17,174.96
3948,51,24-Nov-17,174.97
3949,50,27-Nov-17,174.09
3950,49,28-Nov-17,173.07
3951,48,29-Nov-17,169.48
3952,47,30-Nov-17,171.85
3953,46,1-Dec-17,171.05
3954,45,4-Dec-17,169.8
3955,44,5-Dec-17,169.64
3956,43,6-Dec-17,169.01
3957,42,7-Dec-17,169.32
3958,41,8-Dec-17,169.37
3959,40,11-Dec-17,172.67
3960,39,12-Dec-17,171.7
3961,38,13-Dec-17,172.27
3962,37,14-Dec-17,172.22
3963,36,15-Dec-17,173.97
3964,35,18-Dec-17,176.42
3965,34,19-Dec-17,174.54
3966,33,20-Dec-17,174.35
3967,32,21-Dec-17,175.01
3968,31,22-Dec-17,175.01
3969,30,26-Dec-17,170.57
3970,29,27-Dec-17,170.6
3971,28,28-Dec-17,171.08
3972,27,29-Dec-17,169.23
3973,26,2-Jan-18,172.26
3974,25,3-Jan-18,172.23
3975,24,4-Jan-18,173.03
3976,23,5-Jan-18,175.0
3977,22,8-Jan-18,174.35
3978,21,9-Jan-18,174.33
3979,20,10-Jan-18,174.29
3980,19,11-Jan-18,175.28
3981,18,12-Jan-18,177.09
3982,17,16-Jan-18,176.19
3983,16,17-Jan-18,179.1
3984,15,18-Jan-18,179.26
3985,14,19-Jan-18,178.46
3986,13,22-Jan-18,177.0
3987,12,23-Jan-18,177.04
3988,11,24-Jan-18,174.22
3989,10,25-Jan-18,171.11
3990,9,26-Jan-18,171.51
3991,8,29-Jan-18,167.96
3992,7,30-Jan-18,166.97
3993,6,31-Jan-18,167.43
3994,5,1-Feb-18,167.78
3995,4,2-Feb-18,160.5
3996,3,5-Feb-18,156.49
3997,2,6-Feb-18,163.03
3998,1,7-Feb-18,159.54
3999,0,8-Feb-18,155.15
